Socket,Name,Part,IB write (bytes),IB read (bytes),OB read (bytes),OB write (bytes),IOTLB Hit,IOTLB Miss,VT-d CTXT Miss,VT-d L1 Miss,VT-d L2 Miss,VT-d L3 Miss,VT-d Mem Read
Socket0,IIO Stack 0 - CBDMA/DMI,Part0 (1st x16/x8/x4),0,0,0,0,0,0,0,0,0,0,0
Socket0,IIO Stack 0 - CBDMA/DMI,Part1 (2nd x4),7906,14790,0,0
Socket0,IIO Stack 0 - CBDMA/DMI,Part2 (2nd x8/3rd x4),0,0,0,0
Socket0,IIO Stack 0 - CBDMA/DMI,Part3 (4th x4),0,0,0,0
Socket0,IIO Stack 1 - PCIe0,Part0 (1st x16/x8/x4),0,0,0,0,0,0,0,0,0,0,0
Socket0,IIO Stack 1 - PCIe0,Part1 (2nd x4),0,0,0,0
Socket0,IIO Stack 1 - PCIe0,Part2 (2nd x8/3rd x4),0,0,0,0
Socket0,IIO Stack 1 - PCIe0,Part3 (4th x4),0,0,0,0
Socket0,IIO Stack 2 - PCIe1,Part0 (1st x16/x8/x4),12779634604,64151534,0,11061302,54225116,3841837,209,186,186,737116,4512813
Socket0,IIO Stack 2 - PCIe1,Part1 (2nd x4),0,0,0,0
Socket0,IIO Stack 2 - PCIe1,Part2 (2nd x8/3rd x4),0,0,0,0
Socket0,IIO Stack 2 - PCIe1,Part3 (4th x4),0,0,0,0
Socket0,IIO Stack 3 - PCIe2,Part0 (1st x16/x8/x4),0,0,0,0,0,0,0,0,0,0,0
Socket0,IIO Stack 3 - PCIe2,Part1 (2nd x4),0,0,0,0
Socket0,IIO Stack 3 - PCIe2,Part2 (2nd x8/3rd x4),0,0,0,0
Socket0,IIO Stack 3 - PCIe2,Part3 (4th x4),0,0,0,0
Socket0,IIO Stack 4 - MCP0,Part0 (1st x16/x8/x4),0,0,0,0,0,0,0,0,0,0,0
Socket0,IIO Stack 4 - MCP0,Part1 (2nd x4),0,0,0,0
Socket0,IIO Stack 4 - MCP0,Part2 (2nd x8/3rd x4),0,0,0,0
Socket0,IIO Stack 4 - MCP0,Part3 (4th x4),0,0,0,0
Socket0,IIO Stack 5 - MCP1,Part0 (1st x16/x8/x4),0,0,0,0,0,0,0,0,0,0,0
Socket0,IIO Stack 5 - MCP1,Part1 (2nd x4),0,0,0,0
Socket0,IIO Stack 5 - MCP1,Part2 (2nd x8/3rd x4),0,0,0,0
Socket0,IIO Stack 5 - MCP1,Part3 (4th x4),0,0,0,0
Socket1,IIO Stack 0 - CBDMA/DMI,Part0 (1st x16/x8/x4),0,0,0,0,0,0,0,0,0,0,0
Socket1,IIO Stack 0 - CBDMA/DMI,Part1 (2nd x4),0,0,0,0
Socket1,IIO Stack 0 - CBDMA/DMI,Part2 (2nd x8/3rd x4),0,0,0,0
Socket1,IIO Stack 0 - CBDMA/DMI,Part3 (4th x4),0,0,0,0
Socket1,IIO Stack 1 - PCIe0,Part0 (1st x16/x8/x4),0,0,0,0,0,0,0,0,0,0,0
Socket1,IIO Stack 1 - PCIe0,Part1 (2nd x4),0,0,0,0
Socket1,IIO Stack 1 - PCIe0,Part2 (2nd x8/3rd x4),0,0,0,0
Socket1,IIO Stack 1 - PCIe0,Part3 (4th x4),0,0,0,0
Socket1,IIO Stack 2 - PCIe1,Part0 (1st x16/x8/x4),0,0,0,0,0,0,0,0,0,0,0
Socket1,IIO Stack 2 - PCIe1,Part1 (2nd x4),0,0,0,0
Socket1,IIO Stack 2 - PCIe1,Part2 (2nd x8/3rd x4),0,0,0,0
Socket1,IIO Stack 2 - PCIe1,Part3 (4th x4),0,0,0,0
Socket1,IIO Stack 3 - PCIe2,Part0 (1st x16/x8/x4),0,0,0,0,0,0,0,0,0,0,0
Socket1,IIO Stack 3 - PCIe2,Part1 (2nd x4),0,0,0,0
Socket1,IIO Stack 3 - PCIe2,Part2 (2nd x8/3rd x4),0,0,0,0
Socket1,IIO Stack 3 - PCIe2,Part3 (4th x4),0,0,0,0
Socket1,IIO Stack 4 - MCP0,Part0 (1st x16/x8/x4),0,0,0,0,0,0,0,0,0,0,0
Socket1,IIO Stack 4 - MCP0,Part1 (2nd x4),0,0,0,0
Socket1,IIO Stack 4 - MCP0,Part2 (2nd x8/3rd x4),0,0,0,0
Socket1,IIO Stack 4 - MCP0,Part3 (4th x4),0,0,0,0
Socket1,IIO Stack 5 - MCP1,Part0 (1st x16/x8/x4),0,0,0,0,0,0,0,0,0,0,0
Socket1,IIO Stack 5 - MCP1,Part1 (2nd x4),0,0,0,0
Socket1,IIO Stack 5 - MCP1,Part2 (2nd x8/3rd x4),0,0,0,0
Socket1,IIO Stack 5 - MCP1,Part3 (4th x4),0,0,0,0
Socket2,IIO Stack 0 - CBDMA/DMI,Part0 (1st x16/x8/x4),0,0,0,0,0,0,0,0,0,0,0
Socket2,IIO Stack 0 - CBDMA/DMI,Part1 (2nd x4),0,0,0,0
Socket2,IIO Stack 0 - CBDMA/DMI,Part2 (2nd x8/3rd x4),0,0,0,0
Socket2,IIO Stack 0 - CBDMA/DMI,Part3 (4th x4),0,0,0,0
Socket2,IIO Stack 1 - PCIe0,Part0 (1st x16/x8/x4),0,0,0,0,0,0,0,0,0,0,0
Socket2,IIO Stack 1 - PCIe0,Part1 (2nd x4),0,0,0,0
Socket2,IIO Stack 1 - PCIe0,Part2 (2nd x8/3rd x4),0,0,0,0
Socket2,IIO Stack 1 - PCIe0,Part3 (4th x4),0,0,0,0
Socket2,IIO Stack 2 - PCIe1,Part0 (1st x16/x8/x4),0,0,0,0,0,0,0,0,0,0,0
Socket2,IIO Stack 2 - PCIe1,Part1 (2nd x4),0,0,0,0
Socket2,IIO Stack 2 - PCIe1,Part2 (2nd x8/3rd x4),0,0,0,0
Socket2,IIO Stack 2 - PCIe1,Part3 (4th x4),0,0,0,0
Socket2,IIO Stack 3 - PCIe2,Part0 (1st x16/x8/x4),0,0,0,0,0,0,0,0,0,0,0
Socket2,IIO Stack 3 - PCIe2,Part1 (2nd x4),0,0,0,0
Socket2,IIO Stack 3 - PCIe2,Part2 (2nd x8/3rd x4),0,0,0,0
Socket2,IIO Stack 3 - PCIe2,Part3 (4th x4),0,0,0,0
Socket2,IIO Stack 4 - MCP0,Part0 (1st x16/x8/x4),0,0,0,0,0,0,0,0,0,0,0
Socket2,IIO Stack 4 - MCP0,Part1 (2nd x4),0,0,0,0
Socket2,IIO Stack 4 - MCP0,Part2 (2nd x8/3rd x4),0,0,0,0
Socket2,IIO Stack 4 - MCP0,Part3 (4th x4),0,0,0,0
Socket2,IIO Stack 5 - MCP1,Part0 (1st x16/x8/x4),0,0,0,0,0,0,0,0,0,0,0
Socket2,IIO Stack 5 - MCP1,Part1 (2nd x4),0,0,0,0
Socket2,IIO Stack 5 - MCP1,Part2 (2nd x8/3rd x4),0,0,0,0
Socket2,IIO Stack 5 - MCP1,Part3 (4th x4),0,0,0,0
Socket3,IIO Stack 0 - CBDMA/DMI,Part0 (1st x16/x8/x4),0,0,0,0,0,0,0,0,0,0,0
Socket3,IIO Stack 0 - CBDMA/DMI,Part1 (2nd x4),0,0,0,0
Socket3,IIO Stack 0 - CBDMA/DMI,Part2 (2nd x8/3rd x4),0,0,0,0
Socket3,IIO Stack 0 - CBDMA/DMI,Part3 (4th x4),0,0,0,0
Socket3,IIO Stack 1 - PCIe0,Part0 (1st x16/x8/x4),0,0,0,0,0,0,0,0,0,0,0
Socket3,IIO Stack 1 - PCIe0,Part1 (2nd x4),0,0,0,0
Socket3,IIO Stack 1 - PCIe0,Part2 (2nd x8/3rd x4),0,0,0,0
Socket3,IIO Stack 1 - PCIe0,Part3 (4th x4),0,0,0,0
Socket3,IIO Stack 2 - PCIe1,Part0 (1st x16/x8/x4),0,0,0,0,0,0,0,0,0,0,0
Socket3,IIO Stack 2 - PCIe1,Part1 (2nd x4),0,0,0,0
Socket3,IIO Stack 2 - PCIe1,Part2 (2nd x8/3rd x4),0,0,0,0
Socket3,IIO Stack 2 - PCIe1,Part3 (4th x4),0,0,0,0
Socket3,IIO Stack 3 - PCIe2,Part0 (1st x16/x8/x4),0,0,0,0,0,0,0,0,0,0,0
Socket3,IIO Stack 3 - PCIe2,Part1 (2nd x4),0,0,0,0
Socket3,IIO Stack 3 - PCIe2,Part2 (2nd x8/3rd x4),0,0,0,0
Socket3,IIO Stack 3 - PCIe2,Part3 (4th x4),0,0,0,0
Socket3,IIO Stack 4 - MCP0,Part0 (1st x16/x8/x4),0,0,0,0,0,0,0,0,0,0,0
Socket3,IIO Stack 4 - MCP0,Part1 (2nd x4),0,0,0,0
Socket3,IIO Stack 4 - MCP0,Part2 (2nd x8/3rd x4),0,0,0,0
Socket3,IIO Stack 4 - MCP0,Part3 (4th x4),0,0,0,0
Socket3,IIO Stack 5 - MCP1,Part0 (1st x16/x8/x4),0,0,0,0,0,0,0,0,0,0,0
Socket3,IIO Stack 5 - MCP1,Part1 (2nd x4),0,0,0,0
Socket3,IIO Stack 5 - MCP1,Part2 (2nd x8/3rd x4),0,0,0,0
Socket3,IIO Stack 5 - MCP1,Part3 (4th x4),0,0,0,0
Socket,Name,Part,IB write (bytes),IB read (bytes),OB read (bytes),OB write (bytes),IOTLB Hit,IOTLB Miss,VT-d CTXT Miss,VT-d L1 Miss,VT-d L2 Miss,VT-d L3 Miss,VT-d Mem Read
Socket0,IIO Stack 0 - CBDMA/DMI,Part0 (1st x16/x8/x4),0,0,0,0,69,0,0,0,0,0,23
Socket0,IIO Stack 0 - CBDMA/DMI,Part1 (2nd x4),2883,10883,0,0
Socket0,IIO Stack 0 - CBDMA/DMI,Part2 (2nd x8/3rd x4),0,0,0,0
Socket0,IIO Stack 0 - CBDMA/DMI,Part3 (4th x4),0,0,0,0
Socket0,IIO Stack 1 - PCIe0,Part0 (1st x16/x8/x4),0,0,0,0,0,0,0,0,0,0,0
Socket0,IIO Stack 1 - PCIe0,Part1 (2nd x4),0,0,0,0
Socket0,IIO Stack 1 - PCIe0,Part2 (2nd x8/3rd x4),0,0,0,0
Socket0,IIO Stack 1 - PCIe0,Part3 (4th x4),0,0,0,0
Socket0,IIO Stack 2 - PCIe1,Part0 (1st x16/x8/x4),12765670697,69634883,0,10685581,52848651,3809744,186,186,186,710000,4551651
Socket0,IIO Stack 2 - PCIe1,Part1 (2nd x4),0,0,0,0
Socket0,IIO Stack 2 - PCIe1,Part2 (2nd x8/3rd x4),0,0,0,0
Socket0,IIO Stack 2 - PCIe1,Part3 (4th x4),0,0,0,0
Socket0,IIO Stack 3 - PCIe2,Part0 (1st x16/x8/x4),0,0,0,0,0,0,0,0,0,0,0
Socket0,IIO Stack 3 - PCIe2,Part1 (2nd x4),0,0,0,0
Socket0,IIO Stack 3 - PCIe2,Part2 (2nd x8/3rd x4),0,0,0,0
Socket0,IIO Stack 3 - PCIe2,Part3 (4th x4),0,0,0,0
Socket0,IIO Stack 4 - MCP0,Part0 (1st x16/x8/x4),0,0,0,0,0,0,0,0,0,0,0
Socket0,IIO Stack 4 - MCP0,Part1 (2nd x4),0,0,0,0
Socket0,IIO Stack 4 - MCP0,Part2 (2nd x8/3rd x4),0,0,0,0
Socket0,IIO Stack 4 - MCP0,Part3 (4th x4),0,0,0,0
Socket0,IIO Stack 5 - MCP1,Part0 (1st x16/x8/x4),0,0,0,0,0,0,0,0,0,0,0
Socket0,IIO Stack 5 - MCP1,Part1 (2nd x4),0,0,0,0
Socket0,IIO Stack 5 - MCP1,Part2 (2nd x8/3rd x4),0,0,0,0
Socket0,IIO Stack 5 - MCP1,Part3 (4th x4),0,0,0,0
Socket1,IIO Stack 0 - CBDMA/DMI,Part0 (1st x16/x8/x4),0,0,0,0,0,0,0,0,0,0,0
Socket1,IIO Stack 0 - CBDMA/DMI,Part1 (2nd x4),0,0,0,0
Socket1,IIO Stack 0 - CBDMA/DMI,Part2 (2nd x8/3rd x4),0,0,0,0
Socket1,IIO Stack 0 - CBDMA/DMI,Part3 (4th x4),0,0,0,0
Socket1,IIO Stack 1 - PCIe0,Part0 (1st x16/x8/x4),0,0,0,0,0,0,0,0,0,0,0
Socket1,IIO Stack 1 - PCIe0,Part1 (2nd x4),0,0,0,0
Socket1,IIO Stack 1 - PCIe0,Part2 (2nd x8/3rd x4),0,0,0,0
Socket1,IIO Stack 1 - PCIe0,Part3 (4th x4),0,0,0,0
Socket1,IIO Stack 2 - PCIe1,Part0 (1st x16/x8/x4),0,0,0,0,0,0,0,0,0,0,0
Socket1,IIO Stack 2 - PCIe1,Part1 (2nd x4),0,0,0,0
Socket1,IIO Stack 2 - PCIe1,Part2 (2nd x8/3rd x4),0,0,0,0
Socket1,IIO Stack 2 - PCIe1,Part3 (4th x4),0,0,0,0
Socket1,IIO Stack 3 - PCIe2,Part0 (1st x16/x8/x4),0,0,0,0,0,0,0,0,0,0,0
Socket1,IIO Stack 3 - PCIe2,Part1 (2nd x4),0,0,0,0
Socket1,IIO Stack 3 - PCIe2,Part2 (2nd x8/3rd x4),0,0,0,0
Socket1,IIO Stack 3 - PCIe2,Part3 (4th x4),0,0,0,0
Socket1,IIO Stack 4 - MCP0,Part0 (1st x16/x8/x4),0,0,0,0,0,0,0,0,0,0,0
Socket1,IIO Stack 4 - MCP0,Part1 (2nd x4),0,0,0,0
Socket1,IIO Stack 4 - MCP0,Part2 (2nd x8/3rd x4),0,0,0,0
Socket1,IIO Stack 4 - MCP0,Part3 (4th x4),0,0,0,0
Socket1,IIO Stack 5 - MCP1,Part0 (1st x16/x8/x4),0,0,0,0,0,0,0,0,0,0,0
Socket1,IIO Stack 5 - MCP1,Part1 (2nd x4),0,0,0,0
Socket1,IIO Stack 5 - MCP1,Part2 (2nd x8/3rd x4),0,0,0,0
Socket1,IIO Stack 5 - MCP1,Part3 (4th x4),0,0,0,0
Socket2,IIO Stack 0 - CBDMA/DMI,Part0 (1st x16/x8/x4),0,0,0,0,0,0,0,0,0,0,0
Socket2,IIO Stack 0 - CBDMA/DMI,Part1 (2nd x4),0,0,0,0
Socket2,IIO Stack 0 - CBDMA/DMI,Part2 (2nd x8/3rd x4),0,0,0,0
Socket2,IIO Stack 0 - CBDMA/DMI,Part3 (4th x4),0,0,0,0
Socket2,IIO Stack 1 - PCIe0,Part0 (1st x16/x8/x4),0,0,0,0,0,0,0,0,0,0,0
Socket2,IIO Stack 1 - PCIe0,Part1 (2nd x4),0,0,0,0
Socket2,IIO Stack 1 - PCIe0,Part2 (2nd x8/3rd x4),0,0,0,0
Socket2,IIO Stack 1 - PCIe0,Part3 (4th x4),0,0,0,0
Socket2,IIO Stack 2 - PCIe1,Part0 (1st x16/x8/x4),0,0,0,0,0,0,0,0,0,0,0
Socket2,IIO Stack 2 - PCIe1,Part1 (2nd x4),0,0,0,0
Socket2,IIO Stack 2 - PCIe1,Part2 (2nd x8/3rd x4),0,0,0,0
Socket2,IIO Stack 2 - PCIe1,Part3 (4th x4),0,0,0,0
Socket2,IIO Stack 3 - PCIe2,Part0 (1st x16/x8/x4),0,0,0,0,0,0,0,0,0,0,0
Socket2,IIO Stack 3 - PCIe2,Part1 (2nd x4),0,0,0,0
Socket2,IIO Stack 3 - PCIe2,Part2 (2nd x8/3rd x4),0,0,0,0
Socket2,IIO Stack 3 - PCIe2,Part3 (4th x4),0,0,0,0
Socket2,IIO Stack 4 - MCP0,Part0 (1st x16/x8/x4),0,0,0,0,0,0,0,0,0,0,0
Socket2,IIO Stack 4 - MCP0,Part1 (2nd x4),0,0,0,0
Socket2,IIO Stack 4 - MCP0,Part2 (2nd x8/3rd x4),0,0,0,0
Socket2,IIO Stack 4 - MCP0,Part3 (4th x4),0,0,0,0
Socket2,IIO Stack 5 - MCP1,Part0 (1st x16/x8/x4),0,0,0,0,0,0,0,0,0,0,0
Socket2,IIO Stack 5 - MCP1,Part1 (2nd x4),0,0,0,0
Socket2,IIO Stack 5 - MCP1,Part2 (2nd x8/3rd x4),0,0,0,0
Socket2,IIO Stack 5 - MCP1,Part3 (4th x4),0,0,0,0
Socket3,IIO Stack 0 - CBDMA/DMI,Part0 (1st x16/x8/x4),0,0,0,0,0,0,0,0,0,0,0
Socket3,IIO Stack 0 - CBDMA/DMI,Part1 (2nd x4),0,0,0,0
Socket3,IIO Stack 0 - CBDMA/DMI,Part2 (2nd x8/3rd x4),0,0,0,0
Socket3,IIO Stack 0 - CBDMA/DMI,Part3 (4th x4),0,0,0,0
Socket3,IIO Stack 1 - PCIe0,Part0 (1st x16/x8/x4),0,0,0,0,0,0,0,0,0,0,0
Socket3,IIO Stack 1 - PCIe0,Part1 (2nd x4),0,0,0,0
Socket3,IIO Stack 1 - PCIe0,Part2 (2nd x8/3rd x4),0,0,0,0
Socket3,IIO Stack 1 - PCIe0,Part3 (4th x4),0,0,0,0
Socket3,IIO Stack 2 - PCIe1,Part0 (1st x16/x8/x4),0,0,0,0,0,0,0,0,0,0,0
Socket3,IIO Stack 2 - PCIe1,Part1 (2nd x4),0,0,0,0
Socket3,IIO Stack 2 - PCIe1,Part2 (2nd x8/3rd x4),0,0,0,0
Socket3,IIO Stack 2 - PCIe1,Part3 (4th x4),0,0,0,0
Socket3,IIO Stack 3 - PCIe2,Part0 (1st x16/x8/x4),0,0,0,0,0,0,0,0,0,0,0
Socket3,IIO Stack 3 - PCIe2,Part1 (2nd x4),0,0,0,0
Socket3,IIO Stack 3 - PCIe2,Part2 (2nd x8/3rd x4),0,0,0,0
Socket3,IIO Stack 3 - PCIe2,Part3 (4th x4),0,0,0,0
Socket3,IIO Stack 4 - MCP0,Part0 (1st x16/x8/x4),0,0,0,0,0,0,0,0,0,0,0
Socket3,IIO Stack 4 - MCP0,Part1 (2nd x4),0,0,0,0
Socket3,IIO Stack 4 - MCP0,Part2 (2nd x8/3rd x4),0,0,0,0
Socket3,IIO Stack 4 - MCP0,Part3 (4th x4),0,0,0,0
Socket3,IIO Stack 5 - MCP1,Part0 (1st x16/x8/x4),0,0,0,0,0,0,0,0,0,0,0
Socket3,IIO Stack 5 - MCP1,Part1 (2nd x4),0,0,0,0
Socket3,IIO Stack 5 - MCP1,Part2 (2nd x8/3rd x4),0,0,0,0
Socket3,IIO Stack 5 - MCP1,Part3 (4th x4),0,0,0,0
Socket,Name,Part,IB write (bytes),IB read (bytes),OB read (bytes),OB write (bytes),IOTLB Hit,IOTLB Miss,VT-d CTXT Miss,VT-d L1 Miss,VT-d L2 Miss,VT-d L3 Miss,VT-d Mem Read
Socket0,IIO Stack 0 - CBDMA/DMI,Part0 (1st x16/x8/x4),0,0,0,0,139,0,0,0,0,0,46
Socket0,IIO Stack 0 - CBDMA/DMI,Part1 (2nd x4),1116,0,0,186
Socket0,IIO Stack 0 - CBDMA/DMI,Part2 (2nd x8/3rd x4),0,0,0,0
Socket0,IIO Stack 0 - CBDMA/DMI,Part3 (4th x4),476279,381023,0,0
Socket0,IIO Stack 1 - PCIe0,Part0 (1st x16/x8/x4),0,0,0,0,0,0,0,0,0,0,0
Socket0,IIO Stack 1 - PCIe0,Part1 (2nd x4),0,0,0,0
Socket0,IIO Stack 1 - PCIe0,Part2 (2nd x8/3rd x4),0,0,0,0
Socket0,IIO Stack 1 - PCIe0,Part3 (4th x4),0,0,0,0
Socket0,IIO Stack 2 - PCIe1,Part0 (1st x16/x8/x4),12823837767,65674418,0,8749302,54175860,3770767,209,232,279,729116,4568930
Socket0,IIO Stack 2 - PCIe1,Part1 (2nd x4),0,0,0,0
Socket0,IIO Stack 2 - PCIe1,Part2 (2nd x8/3rd x4),0,0,0,0
Socket0,IIO Stack 2 - PCIe1,Part3 (4th x4),0,0,0,0
Socket0,IIO Stack 3 - PCIe2,Part0 (1st x16/x8/x4),0,0,0,0,0,0,0,0,0,0,9232
Socket0,IIO Stack 3 - PCIe2,Part1 (2nd x4),0,0,0,0
Socket0,IIO Stack 3 - PCIe2,Part2 (2nd x8/3rd x4),0,0,0,0
Socket0,IIO Stack 3 - PCIe2,Part3 (4th x4),0,0,0,0
Socket0,IIO Stack 4 - MCP0,Part0 (1st x16/x8/x4),0,0,0,0,0,0,0,0,0,0,0
Socket0,IIO Stack 4 - MCP0,Part1 (2nd x4),0,0,0,0
Socket0,IIO Stack 4 - MCP0,Part2 (2nd x8/3rd x4),0,0,0,0
Socket0,IIO Stack 4 - MCP0,Part3 (4th x4),0,0,0,0
Socket0,IIO Stack 5 - MCP1,Part0 (1st x16/x8/x4),0,0,0,0,0,0,0,0,0,0,0
Socket0,IIO Stack 5 - MCP1,Part1 (2nd x4),0,0,0,0
Socket0,IIO Stack 5 - MCP1,Part2 (2nd x8/3rd x4),0,0,0,0
Socket0,IIO Stack 5 - MCP1,Part3 (4th x4),0,0,0,0
Socket1,IIO Stack 0 - CBDMA/DMI,Part0 (1st x16/x8/x4),0,0,0,0,0,0,0,0,0,0,0
Socket1,IIO Stack 0 - CBDMA/DMI,Part1 (2nd x4),0,0,0,0
Socket1,IIO Stack 0 - CBDMA/DMI,Part2 (2nd x8/3rd x4),0,0,0,0
Socket1,IIO Stack 0 - CBDMA/DMI,Part3 (4th x4),0,0,0,0
Socket1,IIO Stack 1 - PCIe0,Part0 (1st x16/x8/x4),0,0,0,0,0,0,0,0,0,0,0
Socket1,IIO Stack 1 - PCIe0,Part1 (2nd x4),0,0,0,0
Socket1,IIO Stack 1 - PCIe0,Part2 (2nd x8/3rd x4),0,0,0,0
Socket1,IIO Stack 1 - PCIe0,Part3 (4th x4),0,0,0,0
Socket1,IIO Stack 2 - PCIe1,Part0 (1st x16/x8/x4),0,0,0,0,0,0,0,0,0,0,0
Socket1,IIO Stack 2 - PCIe1,Part1 (2nd x4),0,0,0,0
Socket1,IIO Stack 2 - PCIe1,Part2 (2nd x8/3rd x4),0,0,0,0
Socket1,IIO Stack 2 - PCIe1,Part3 (4th x4),0,0,0,0
Socket1,IIO Stack 3 - PCIe2,Part0 (1st x16/x8/x4),0,0,0,0,0,0,0,0,0,0,0
Socket1,IIO Stack 3 - PCIe2,Part1 (2nd x4),0,0,0,0
Socket1,IIO Stack 3 - PCIe2,Part2 (2nd x8/3rd x4),0,0,0,0
Socket1,IIO Stack 3 - PCIe2,Part3 (4th x4),0,0,0,0
Socket1,IIO Stack 4 - MCP0,Part0 (1st x16/x8/x4),0,0,0,0,0,0,0,0,0,0,0
Socket1,IIO Stack 4 - MCP0,Part1 (2nd x4),0,0,0,0
Socket1,IIO Stack 4 - MCP0,Part2 (2nd x8/3rd x4),0,0,0,0
Socket1,IIO Stack 4 - MCP0,Part3 (4th x4),0,0,0,0
Socket1,IIO Stack 5 - MCP1,Part0 (1st x16/x8/x4),0,0,0,0,0,0,0,0,0,0,0
Socket1,IIO Stack 5 - MCP1,Part1 (2nd x4),0,0,0,0
Socket1,IIO Stack 5 - MCP1,Part2 (2nd x8/3rd x4),0,0,0,0
Socket1,IIO Stack 5 - MCP1,Part3 (4th x4),0,0,0,0
Socket2,IIO Stack 0 - CBDMA/DMI,Part0 (1st x16/x8/x4),0,0,0,0,0,0,0,0,0,0,0
Socket2,IIO Stack 0 - CBDMA/DMI,Part1 (2nd x4),0,0,0,0
Socket2,IIO Stack 0 - CBDMA/DMI,Part2 (2nd x8/3rd x4),0,0,0,0
Socket2,IIO Stack 0 - CBDMA/DMI,Part3 (4th x4),0,0,0,0
Socket2,IIO Stack 1 - PCIe0,Part0 (1st x16/x8/x4),0,0,0,0,0,0,0,0,0,0,0
Socket2,IIO Stack 1 - PCIe0,Part1 (2nd x4),0,0,0,0
Socket2,IIO Stack 1 - PCIe0,Part2 (2nd x8/3rd x4),0,0,0,0
Socket2,IIO Stack 1 - PCIe0,Part3 (4th x4),0,0,0,0
Socket2,IIO Stack 2 - PCIe1,Part0 (1st x16/x8/x4),0,0,0,0,0,0,0,0,0,0,0
Socket2,IIO Stack 2 - PCIe1,Part1 (2nd x4),0,0,0,0
Socket2,IIO Stack 2 - PCIe1,Part2 (2nd x8/3rd x4),0,0,0,0
Socket2,IIO Stack 2 - PCIe1,Part3 (4th x4),0,0,0,0
Socket2,IIO Stack 3 - PCIe2,Part0 (1st x16/x8/x4),0,0,0,0,0,0,0,0,0,0,0
Socket2,IIO Stack 3 - PCIe2,Part1 (2nd x4),0,0,0,0
Socket2,IIO Stack 3 - PCIe2,Part2 (2nd x8/3rd x4),0,0,0,0
Socket2,IIO Stack 3 - PCIe2,Part3 (4th x4),0,0,0,0
Socket2,IIO Stack 4 - MCP0,Part0 (1st x16/x8/x4),0,0,0,0,0,0,0,0,0,0,0
Socket2,IIO Stack 4 - MCP0,Part1 (2nd x4),0,0,0,0
Socket2,IIO Stack 4 - MCP0,Part2 (2nd x8/3rd x4),0,0,0,0
Socket2,IIO Stack 4 - MCP0,Part3 (4th x4),0,0,0,0
Socket2,IIO Stack 5 - MCP1,Part0 (1st x16/x8/x4),0,0,0,0,0,0,0,0,0,0,0
Socket2,IIO Stack 5 - MCP1,Part1 (2nd x4),0,0,0,0
Socket2,IIO Stack 5 - MCP1,Part2 (2nd x8/3rd x4),0,0,0,0
Socket2,IIO Stack 5 - MCP1,Part3 (4th x4),0,0,0,0
Socket3,IIO Stack 0 - CBDMA/DMI,Part0 (1st x16/x8/x4),0,0,0,0,0,0,0,0,0,0,0
Socket3,IIO Stack 0 - CBDMA/DMI,Part1 (2nd x4),0,0,0,0
Socket3,IIO Stack 0 - CBDMA/DMI,Part2 (2nd x8/3rd x4),0,0,0,0
Socket3,IIO Stack 0 - CBDMA/DMI,Part3 (4th x4),0,0,0,0
Socket3,IIO Stack 1 - PCIe0,Part0 (1st x16/x8/x4),0,0,0,0,0,0,0,0,0,0,0
Socket3,IIO Stack 1 - PCIe0,Part1 (2nd x4),0,0,0,0
Socket3,IIO Stack 1 - PCIe0,Part2 (2nd x8/3rd x4),0,0,0,0
Socket3,IIO Stack 1 - PCIe0,Part3 (4th x4),0,0,0,0
Socket3,IIO Stack 2 - PCIe1,Part0 (1st x16/x8/x4),0,0,0,0,0,0,0,0,0,0,0
Socket3,IIO Stack 2 - PCIe1,Part1 (2nd x4),0,0,0,0
Socket3,IIO Stack 2 - PCIe1,Part2 (2nd x8/3rd x4),0,0,0,0
Socket3,IIO Stack 2 - PCIe1,Part3 (4th x4),0,0,0,0
Socket3,IIO Stack 3 - PCIe2,Part0 (1st x16/x8/x4),0,0,0,0,0,0,0,0,0,0,0
Socket3,IIO Stack 3 - PCIe2,Part1 (2nd x4),0,0,0,0
Socket3,IIO Stack 3 - PCIe2,Part2 (2nd x8/3rd x4),0,0,0,0
Socket3,IIO Stack 3 - PCIe2,Part3 (4th x4),0,0,0,0
Socket3,IIO Stack 4 - MCP0,Part0 (1st x16/x8/x4),0,0,0,0,0,0,0,0,0,0,0
Socket3,IIO Stack 4 - MCP0,Part1 (2nd x4),0,0,0,0
Socket3,IIO Stack 4 - MCP0,Part2 (2nd x8/3rd x4),0,0,0,0
Socket3,IIO Stack 4 - MCP0,Part3 (4th x4),0,0,0,0
Socket3,IIO Stack 5 - MCP1,Part0 (1st x16/x8/x4),0,0,0,0,0,0,0,0,0,0,0
Socket3,IIO Stack 5 - MCP1,Part1 (2nd x4),0,0,0,0
Socket3,IIO Stack 5 - MCP1,Part2 (2nd x8/3rd x4),0,0,0,0
Socket3,IIO Stack 5 - MCP1,Part3 (4th x4),0,0,0,0
Socket,Name,Part,IB write (bytes),IB read (bytes),OB read (bytes),OB write (bytes),IOTLB Hit,IOTLB Miss,VT-d CTXT Miss,VT-d L1 Miss,VT-d L2 Miss,VT-d L3 Miss,VT-d Mem Read
Socket0,IIO Stack 0 - CBDMA/DMI,Part0 (1st x16/x8/x4),0,0,0,0,209,46,0,0,23,69,162
Socket0,IIO Stack 0 - CBDMA/DMI,Part1 (2nd x4),7534,0,0,372
Socket0,IIO Stack 0 - CBDMA/DMI,Part2 (2nd x8/3rd x4),0,0,0,0
Socket0,IIO Stack 0 - CBDMA/DMI,Part3 (4th x4),0,476279,0,0
Socket0,IIO Stack 1 - PCIe0,Part0 (1st x16/x8/x4),0,0,0,0,0,0,0,0,0,0,0
Socket0,IIO Stack 1 - PCIe0,Part1 (2nd x4),0,0,0,0
Socket0,IIO Stack 1 - PCIe0,Part2 (2nd x8/3rd x4),0,0,0,0
Socket0,IIO Stack 1 - PCIe0,Part3 (4th x4),0,0,0,0
Socket0,IIO Stack 2 - PCIe1,Part0 (1st x16/x8/x4),12817806883,68849395,0,9346790,54684883,3689116,209,232,232,701046,4552302
Socket0,IIO Stack 2 - PCIe1,Part1 (2nd x4),0,0,0,0
Socket0,IIO Stack 2 - PCIe1,Part2 (2nd x8/3rd x4),0,0,0,0
Socket0,IIO Stack 2 - PCIe1,Part3 (4th x4),0,0,0,0
Socket0,IIO Stack 3 - PCIe2,Part0 (1st x16/x8/x4),0,0,0,0,0,0,0,0,0,0,0
Socket0,IIO Stack 3 - PCIe2,Part1 (2nd x4),0,0,0,0
Socket0,IIO Stack 3 - PCIe2,Part2 (2nd x8/3rd x4),0,0,0,0
Socket0,IIO Stack 3 - PCIe2,Part3 (4th x4),0,0,0,0
Socket0,IIO Stack 4 - MCP0,Part0 (1st x16/x8/x4),0,0,0,0,0,0,0,0,0,0,0
Socket0,IIO Stack 4 - MCP0,Part1 (2nd x4),0,0,0,0
Socket0,IIO Stack 4 - MCP0,Part2 (2nd x8/3rd x4),0,0,0,0
Socket0,IIO Stack 4 - MCP0,Part3 (4th x4),0,0,0,0
Socket0,IIO Stack 5 - MCP1,Part0 (1st x16/x8/x4),0,0,0,0,0,0,0,0,0,0,0
Socket0,IIO Stack 5 - MCP1,Part1 (2nd x4),0,0,0,0
Socket0,IIO Stack 5 - MCP1,Part2 (2nd x8/3rd x4),0,0,0,0
Socket0,IIO Stack 5 - MCP1,Part3 (4th x4),0,0,0,0
Socket1,IIO Stack 0 - CBDMA/DMI,Part0 (1st x16/x8/x4),0,0,0,0,0,0,0,0,0,0,0
Socket1,IIO Stack 0 - CBDMA/DMI,Part1 (2nd x4),0,0,0,0
Socket1,IIO Stack 0 - CBDMA/DMI,Part2 (2nd x8/3rd x4),0,0,0,0
Socket1,IIO Stack 0 - CBDMA/DMI,Part3 (4th x4),0,0,0,0
Socket1,IIO Stack 1 - PCIe0,Part0 (1st x16/x8/x4),0,0,0,0,0,0,0,0,0,0,0
Socket1,IIO Stack 1 - PCIe0,Part1 (2nd x4),0,0,0,0
Socket1,IIO Stack 1 - PCIe0,Part2 (2nd x8/3rd x4),0,0,0,0
Socket1,IIO Stack 1 - PCIe0,Part3 (4th x4),0,0,0,0
Socket1,IIO Stack 2 - PCIe1,Part0 (1st x16/x8/x4),0,0,0,0,0,0,0,0,0,0,0
Socket1,IIO Stack 2 - PCIe1,Part1 (2nd x4),0,0,0,0
Socket1,IIO Stack 2 - PCIe1,Part2 (2nd x8/3rd x4),0,0,0,0
Socket1,IIO Stack 2 - PCIe1,Part3 (4th x4),0,0,0,0
Socket1,IIO Stack 3 - PCIe2,Part0 (1st x16/x8/x4),0,0,0,0,0,0,0,0,0,0,0
Socket1,IIO Stack 3 - PCIe2,Part1 (2nd x4),0,0,0,0
Socket1,IIO Stack 3 - PCIe2,Part2 (2nd x8/3rd x4),0,0,0,0
Socket1,IIO Stack 3 - PCIe2,Part3 (4th x4),0,0,0,0
Socket1,IIO Stack 4 - MCP0,Part0 (1st x16/x8/x4),0,0,0,0,0,0,0,0,0,0,0
Socket1,IIO Stack 4 - MCP0,Part1 (2nd x4),0,0,0,0
Socket1,IIO Stack 4 - MCP0,Part2 (2nd x8/3rd x4),0,0,0,0
Socket1,IIO Stack 4 - MCP0,Part3 (4th x4),0,0,0,0
Socket1,IIO Stack 5 - MCP1,Part0 (1st x16/x8/x4),0,0,0,0,0,0,0,0,0,0,0
Socket1,IIO Stack 5 - MCP1,Part1 (2nd x4),0,0,0,0
Socket1,IIO Stack 5 - MCP1,Part2 (2nd x8/3rd x4),0,0,0,0
Socket1,IIO Stack 5 - MCP1,Part3 (4th x4),0,0,0,0
Socket2,IIO Stack 0 - CBDMA/DMI,Part0 (1st x16/x8/x4),0,0,0,0,0,0,0,0,0,0,0
Socket2,IIO Stack 0 - CBDMA/DMI,Part1 (2nd x4),0,0,0,0
Socket2,IIO Stack 0 - CBDMA/DMI,Part2 (2nd x8/3rd x4),0,0,0,0
Socket2,IIO Stack 0 - CBDMA/DMI,Part3 (4th x4),0,0,0,0
Socket2,IIO Stack 1 - PCIe0,Part0 (1st x16/x8/x4),0,0,0,0,0,0,0,0,0,0,0
Socket2,IIO Stack 1 - PCIe0,Part1 (2nd x4),0,0,0,0
Socket2,IIO Stack 1 - PCIe0,Part2 (2nd x8/3rd x4),0,0,0,0
Socket2,IIO Stack 1 - PCIe0,Part3 (4th x4),0,0,0,0
Socket2,IIO Stack 2 - PCIe1,Part0 (1st x16/x8/x4),0,0,0,0,0,0,0,0,0,0,0
Socket2,IIO Stack 2 - PCIe1,Part1 (2nd x4),0,0,0,0
Socket2,IIO Stack 2 - PCIe1,Part2 (2nd x8/3rd x4),0,0,0,0
Socket2,IIO Stack 2 - PCIe1,Part3 (4th x4),0,0,0,0
Socket2,IIO Stack 3 - PCIe2,Part0 (1st x16/x8/x4),0,0,0,0,0,0,0,0,0,0,0
Socket2,IIO Stack 3 - PCIe2,Part1 (2nd x4),0,0,0,0
Socket2,IIO Stack 3 - PCIe2,Part2 (2nd x8/3rd x4),0,0,0,0
Socket2,IIO Stack 3 - PCIe2,Part3 (4th x4),0,0,0,0
Socket2,IIO Stack 4 - MCP0,Part0 (1st x16/x8/x4),0,0,0,0,0,0,0,0,0,0,0
Socket2,IIO Stack 4 - MCP0,Part1 (2nd x4),0,0,0,0
Socket2,IIO Stack 4 - MCP0,Part2 (2nd x8/3rd x4),0,0,0,0
Socket2,IIO Stack 4 - MCP0,Part3 (4th x4),0,0,0,0
Socket2,IIO Stack 5 - MCP1,Part0 (1st x16/x8/x4),0,0,0,0,0,0,0,0,0,0,0
Socket2,IIO Stack 5 - MCP1,Part1 (2nd x4),0,0,0,0
Socket2,IIO Stack 5 - MCP1,Part2 (2nd x8/3rd x4),0,0,0,0
Socket2,IIO Stack 5 - MCP1,Part3 (4th x4),0,0,0,0
Socket3,IIO Stack 0 - CBDMA/DMI,Part0 (1st x16/x8/x4),0,0,0,0,0,0,0,0,0,0,0
Socket3,IIO Stack 0 - CBDMA/DMI,Part1 (2nd x4),0,0,0,0
Socket3,IIO Stack 0 - CBDMA/DMI,Part2 (2nd x8/3rd x4),0,0,0,0
Socket3,IIO Stack 0 - CBDMA/DMI,Part3 (4th x4),0,0,0,0
Socket3,IIO Stack 1 - PCIe0,Part0 (1st x16/x8/x4),0,0,0,0,0,0,0,0,0,0,0
Socket3,IIO Stack 1 - PCIe0,Part1 (2nd x4),0,0,0,0
Socket3,IIO Stack 1 - PCIe0,Part2 (2nd x8/3rd x4),0,0,0,0
Socket3,IIO Stack 1 - PCIe0,Part3 (4th x4),0,0,0,0
Socket3,IIO Stack 2 - PCIe1,Part0 (1st x16/x8/x4),0,0,0,0,0,0,0,0,0,0,0
Socket3,IIO Stack 2 - PCIe1,Part1 (2nd x4),0,0,0,0
Socket3,IIO Stack 2 - PCIe1,Part2 (2nd x8/3rd x4),0,0,0,0
Socket3,IIO Stack 2 - PCIe1,Part3 (4th x4),0,0,0,0
Socket3,IIO Stack 3 - PCIe2,Part0 (1st x16/x8/x4),0,0,0,0,0,0,0,0,0,0,0
Socket3,IIO Stack 3 - PCIe2,Part1 (2nd x4),0,0,0,0
Socket3,IIO Stack 3 - PCIe2,Part2 (2nd x8/3rd x4),0,0,0,0
Socket3,IIO Stack 3 - PCIe2,Part3 (4th x4),0,0,0,0
Socket3,IIO Stack 4 - MCP0,Part0 (1st x16/x8/x4),0,0,0,0,0,0,0,0,0,0,0
Socket3,IIO Stack 4 - MCP0,Part1 (2nd x4),0,0,0,0
Socket3,IIO Stack 4 - MCP0,Part2 (2nd x8/3rd x4),0,0,0,0
Socket3,IIO Stack 4 - MCP0,Part3 (4th x4),0,0,0,0
Socket3,IIO Stack 5 - MCP1,Part0 (1st x16/x8/x4),0,0,0,0,0,0,0,0,0,0,0
Socket3,IIO Stack 5 - MCP1,Part1 (2nd x4),0,0,0,0
Socket3,IIO Stack 5 - MCP1,Part2 (2nd x8/3rd x4),0,0,0,0
Socket3,IIO Stack 5 - MCP1,Part3 (4th x4),0,0,0,0
Socket,Name,Part,IB write (bytes),IB read (bytes),OB read (bytes),OB write (bytes),IOTLB Hit,IOTLB Miss,VT-d CTXT Miss,VT-d L1 Miss,VT-d L2 Miss,VT-d L3 Miss,VT-d Mem Read
Socket0,IIO Stack 0 - CBDMA/DMI,Part0 (1st x16/x8/x4),0,0,0,0,0,46,0,0,0,0,0
Socket0,IIO Stack 0 - CBDMA/DMI,Part1 (2nd x4),10046,0,0,186
Socket0,IIO Stack 0 - CBDMA/DMI,Part2 (2nd x8/3rd x4),0,0,0,0
Socket0,IIO Stack 0 - CBDMA/DMI,Part3 (4th x4),0,0,0,0
Socket0,IIO Stack 1 - PCIe0,Part0 (1st x16/x8/x4),0,0,0,0,0,0,0,0,0,0,0
Socket0,IIO Stack 1 - PCIe0,Part1 (2nd x4),0,0,0,0
Socket0,IIO Stack 1 - PCIe0,Part2 (2nd x8/3rd x4),0,0,0,0
Socket0,IIO Stack 1 - PCIe0,Part3 (4th x4),0,0,0,0
Socket0,IIO Stack 2 - PCIe1,Part0 (1st x16/x8/x4),12768064000,69029116,0,10251627,54007186,3815860,209,186,186,738186,4573813
Socket0,IIO Stack 2 - PCIe1,Part1 (2nd x4),0,0,0,0
Socket0,IIO Stack 2 - PCIe1,Part2 (2nd x8/3rd x4),0,0,0,0
Socket0,IIO Stack 2 - PCIe1,Part3 (4th x4),0,0,0,0
Socket0,IIO Stack 3 - PCIe2,Part0 (1st x16/x8/x4),0,0,0,0,0,0,0,0,0,0,0
Socket0,IIO Stack 3 - PCIe2,Part1 (2nd x4),0,0,0,0
Socket0,IIO Stack 3 - PCIe2,Part2 (2nd x8/3rd x4),0,0,0,0
Socket0,IIO Stack 3 - PCIe2,Part3 (4th x4),0,0,0,0
Socket0,IIO Stack 4 - MCP0,Part0 (1st x16/x8/x4),0,0,0,0,0,0,0,0,0,0,0
Socket0,IIO Stack 4 - MCP0,Part1 (2nd x4),0,0,0,0
Socket0,IIO Stack 4 - MCP0,Part2 (2nd x8/3rd x4),0,0,0,0
Socket0,IIO Stack 4 - MCP0,Part3 (4th x4),0,0,0,0
Socket0,IIO Stack 5 - MCP1,Part0 (1st x16/x8/x4),0,0,0,0,0,0,0,0,0,0,0
Socket0,IIO Stack 5 - MCP1,Part1 (2nd x4),0,0,0,0
Socket0,IIO Stack 5 - MCP1,Part2 (2nd x8/3rd x4),0,0,0,0
Socket0,IIO Stack 5 - MCP1,Part3 (4th x4),0,0,0,0
Socket1,IIO Stack 0 - CBDMA/DMI,Part0 (1st x16/x8/x4),0,0,0,0,0,0,0,0,0,0,0
Socket1,IIO Stack 0 - CBDMA/DMI,Part1 (2nd x4),0,0,0,0
Socket1,IIO Stack 0 - CBDMA/DMI,Part2 (2nd x8/3rd x4),0,0,0,0
Socket1,IIO Stack 0 - CBDMA/DMI,Part3 (4th x4),0,0,0,0
Socket1,IIO Stack 1 - PCIe0,Part0 (1st x16/x8/x4),0,0,0,0,0,0,0,0,0,0,0
Socket1,IIO Stack 1 - PCIe0,Part1 (2nd x4),0,0,0,0
Socket1,IIO Stack 1 - PCIe0,Part2 (2nd x8/3rd x4),0,0,0,0
Socket1,IIO Stack 1 - PCIe0,Part3 (4th x4),0,0,0,0
Socket1,IIO Stack 2 - PCIe1,Part0 (1st x16/x8/x4),0,0,0,0,0,0,0,0,0,0,0
Socket1,IIO Stack 2 - PCIe1,Part1 (2nd x4),0,0,0,0
Socket1,IIO Stack 2 - PCIe1,Part2 (2nd x8/3rd x4),0,0,0,0
Socket1,IIO Stack 2 - PCIe1,Part3 (4th x4),0,0,0,0
Socket1,IIO Stack 3 - PCIe2,Part0 (1st x16/x8/x4),0,0,0,0,0,0,0,0,0,0,0
Socket1,IIO Stack 3 - PCIe2,Part1 (2nd x4),0,0,0,0
Socket1,IIO Stack 3 - PCIe2,Part2 (2nd x8/3rd x4),0,0,0,0
Socket1,IIO Stack 3 - PCIe2,Part3 (4th x4),0,0,0,0
Socket1,IIO Stack 4 - MCP0,Part0 (1st x16/x8/x4),0,0,0,0,0,0,0,0,0,0,0
Socket1,IIO Stack 4 - MCP0,Part1 (2nd x4),0,0,0,0
Socket1,IIO Stack 4 - MCP0,Part2 (2nd x8/3rd x4),0,0,0,0
Socket1,IIO Stack 4 - MCP0,Part3 (4th x4),0,0,0,0
Socket1,IIO Stack 5 - MCP1,Part0 (1st x16/x8/x4),0,0,0,0,0,0,0,0,0,0,0
Socket1,IIO Stack 5 - MCP1,Part1 (2nd x4),0,0,0,0
Socket1,IIO Stack 5 - MCP1,Part2 (2nd x8/3rd x4),0,0,0,0
Socket1,IIO Stack 5 - MCP1,Part3 (4th x4),0,0,0,0
Socket2,IIO Stack 0 - CBDMA/DMI,Part0 (1st x16/x8/x4),0,0,0,0,0,0,0,0,0,0,0
Socket2,IIO Stack 0 - CBDMA/DMI,Part1 (2nd x4),0,0,0,0
Socket2,IIO Stack 0 - CBDMA/DMI,Part2 (2nd x8/3rd x4),0,0,0,0
Socket2,IIO Stack 0 - CBDMA/DMI,Part3 (4th x4),0,0,0,0
Socket2,IIO Stack 1 - PCIe0,Part0 (1st x16/x8/x4),0,0,0,0,0,0,0,0,0,0,0
Socket2,IIO Stack 1 - PCIe0,Part1 (2nd x4),0,0,0,0
Socket2,IIO Stack 1 - PCIe0,Part2 (2nd x8/3rd x4),0,0,0,0
Socket2,IIO Stack 1 - PCIe0,Part3 (4th x4),0,0,0,0
Socket2,IIO Stack 2 - PCIe1,Part0 (1st x16/x8/x4),0,0,0,0,0,0,0,0,0,0,0
Socket2,IIO Stack 2 - PCIe1,Part1 (2nd x4),0,0,0,0
Socket2,IIO Stack 2 - PCIe1,Part2 (2nd x8/3rd x4),0,0,0,0
Socket2,IIO Stack 2 - PCIe1,Part3 (4th x4),0,0,0,0
Socket2,IIO Stack 3 - PCIe2,Part0 (1st x16/x8/x4),0,0,0,0,0,0,0,0,0,0,0
Socket2,IIO Stack 3 - PCIe2,Part1 (2nd x4),0,0,0,0
Socket2,IIO Stack 3 - PCIe2,Part2 (2nd x8/3rd x4),0,0,0,0
Socket2,IIO Stack 3 - PCIe2,Part3 (4th x4),0,0,0,0
Socket2,IIO Stack 4 - MCP0,Part0 (1st x16/x8/x4),0,0,0,0,0,0,0,0,0,0,0
Socket2,IIO Stack 4 - MCP0,Part1 (2nd x4),0,0,0,0
Socket2,IIO Stack 4 - MCP0,Part2 (2nd x8/3rd x4),0,0,0,0
Socket2,IIO Stack 4 - MCP0,Part3 (4th x4),0,0,0,0
Socket2,IIO Stack 5 - MCP1,Part0 (1st x16/x8/x4),0,0,0,0,0,0,0,0,0,0,0
Socket2,IIO Stack 5 - MCP1,Part1 (2nd x4),0,0,0,0
Socket2,IIO Stack 5 - MCP1,Part2 (2nd x8/3rd x4),0,0,0,0
Socket2,IIO Stack 5 - MCP1,Part3 (4th x4),0,0,0,0
Socket3,IIO Stack 0 - CBDMA/DMI,Part0 (1st x16/x8/x4),0,0,0,0,0,0,0,0,0,0,0
Socket3,IIO Stack 0 - CBDMA/DMI,Part1 (2nd x4),0,0,0,0
Socket3,IIO Stack 0 - CBDMA/DMI,Part2 (2nd x8/3rd x4),0,0,0,0
Socket3,IIO Stack 0 - CBDMA/DMI,Part3 (4th x4),0,0,0,0
Socket3,IIO Stack 1 - PCIe0,Part0 (1st x16/x8/x4),0,0,0,0,0,0,0,0,0,0,0
Socket3,IIO Stack 1 - PCIe0,Part1 (2nd x4),0,0,0,0
Socket3,IIO Stack 1 - PCIe0,Part2 (2nd x8/3rd x4),0,0,0,0
Socket3,IIO Stack 1 - PCIe0,Part3 (4th x4),0,0,0,0
Socket3,IIO Stack 2 - PCIe1,Part0 (1st x16/x8/x4),0,0,0,0,0,0,0,0,0,0,0
Socket3,IIO Stack 2 - PCIe1,Part1 (2nd x4),0,0,0,0
Socket3,IIO Stack 2 - PCIe1,Part2 (2nd x8/3rd x4),0,0,0,0
Socket3,IIO Stack 2 - PCIe1,Part3 (4th x4),0,0,0,0
Socket3,IIO Stack 3 - PCIe2,Part0 (1st x16/x8/x4),0,0,0,0,0,0,0,0,0,0,0
Socket3,IIO Stack 3 - PCIe2,Part1 (2nd x4),0,0,0,0
Socket3,IIO Stack 3 - PCIe2,Part2 (2nd x8/3rd x4),0,0,0,0
Socket3,IIO Stack 3 - PCIe2,Part3 (4th x4),0,0,0,0
Socket3,IIO Stack 4 - MCP0,Part0 (1st x16/x8/x4),0,0,0,0,0,0,0,0,0,0,0
Socket3,IIO Stack 4 - MCP0,Part1 (2nd x4),0,0,0,0
Socket3,IIO Stack 4 - MCP0,Part2 (2nd x8/3rd x4),0,0,0,0
Socket3,IIO Stack 4 - MCP0,Part3 (4th x4),0,0,0,0
Socket3,IIO Stack 5 - MCP1,Part0 (1st x16/x8/x4),0,0,0,0,0,0,0,0,0,0,0
Socket3,IIO Stack 5 - MCP1,Part1 (2nd x4),0,0,0,0
Socket3,IIO Stack 5 - MCP1,Part2 (2nd x8/3rd x4),0,0,0,0
Socket3,IIO Stack 5 - MCP1,Part3 (4th x4),0,0,0,0
Socket,Name,Part,IB write (bytes),IB read (bytes),OB read (bytes),OB write (bytes),IOTLB Hit,IOTLB Miss,VT-d CTXT Miss,VT-d L1 Miss,VT-d L2 Miss,VT-d L3 Miss,VT-d Mem Read
Socket0,IIO Stack 0 - CBDMA/DMI,Part0 (1st x16/x8/x4),0,0,0,0,69,0,0,0,0,0,0
Socket0,IIO Stack 0 - CBDMA/DMI,Part1 (2nd x4),2883,0,0,372
Socket0,IIO Stack 0 - CBDMA/DMI,Part2 (2nd x8/3rd x4),0,0,0,0
Socket0,IIO Stack 0 - CBDMA/DMI,Part3 (4th x4),0,0,0,0
Socket0,IIO Stack 1 - PCIe0,Part0 (1st x16/x8/x4),0,0,0,0,0,0,0,0,0,0,0
Socket0,IIO Stack 1 - PCIe0,Part1 (2nd x4),0,0,0,0
Socket0,IIO Stack 1 - PCIe0,Part2 (2nd x8/3rd x4),0,0,0,0
Socket0,IIO Stack 1 - PCIe0,Part3 (4th x4),0,0,0,0
Socket0,IIO Stack 2 - PCIe1,Part0 (1st x16/x8/x4),12809556837,66852186,0,11665302,54114581,3829953,232,209,232,739674,4547534
Socket0,IIO Stack 2 - PCIe1,Part1 (2nd x4),0,0,0,0
Socket0,IIO Stack 2 - PCIe1,Part2 (2nd x8/3rd x4),0,0,0,0
Socket0,IIO Stack 2 - PCIe1,Part3 (4th x4),0,0,0,0
Socket0,IIO Stack 3 - PCIe2,Part0 (1st x16/x8/x4),0,0,0,0,0,0,0,0,0,0,604
Socket0,IIO Stack 3 - PCIe2,Part1 (2nd x4),0,0,0,0
Socket0,IIO Stack 3 - PCIe2,Part2 (2nd x8/3rd x4),0,0,0,0
Socket0,IIO Stack 3 - PCIe2,Part3 (4th x4),0,0,0,0
Socket0,IIO Stack 4 - MCP0,Part0 (1st x16/x8/x4),0,0,0,0,0,0,0,0,0,0,0
Socket0,IIO Stack 4 - MCP0,Part1 (2nd x4),0,0,0,0
Socket0,IIO Stack 4 - MCP0,Part2 (2nd x8/3rd x4),0,0,0,0
Socket0,IIO Stack 4 - MCP0,Part3 (4th x4),0,0,0,0
Socket0,IIO Stack 5 - MCP1,Part0 (1st x16/x8/x4),0,0,0,0,0,0,0,0,0,0,0
Socket0,IIO Stack 5 - MCP1,Part1 (2nd x4),0,0,0,0
Socket0,IIO Stack 5 - MCP1,Part2 (2nd x8/3rd x4),0,0,0,0
Socket0,IIO Stack 5 - MCP1,Part3 (4th x4),0,0,0,0
Socket1,IIO Stack 0 - CBDMA/DMI,Part0 (1st x16/x8/x4),0,0,0,0,0,0,0,0,0,0,0
Socket1,IIO Stack 0 - CBDMA/DMI,Part1 (2nd x4),0,0,0,0
Socket1,IIO Stack 0 - CBDMA/DMI,Part2 (2nd x8/3rd x4),0,0,0,0
Socket1,IIO Stack 0 - CBDMA/DMI,Part3 (4th x4),0,0,0,0
Socket1,IIO Stack 1 - PCIe0,Part0 (1st x16/x8/x4),0,0,0,0,0,0,0,0,0,0,0
Socket1,IIO Stack 1 - PCIe0,Part1 (2nd x4),0,0,0,0
Socket1,IIO Stack 1 - PCIe0,Part2 (2nd x8/3rd x4),0,0,0,0
Socket1,IIO Stack 1 - PCIe0,Part3 (4th x4),0,0,0,0
Socket1,IIO Stack 2 - PCIe1,Part0 (1st x16/x8/x4),0,0,0,0,0,0,0,0,0,0,0
Socket1,IIO Stack 2 - PCIe1,Part1 (2nd x4),0,0,0,0
Socket1,IIO Stack 2 - PCIe1,Part2 (2nd x8/3rd x4),0,0,0,0
Socket1,IIO Stack 2 - PCIe1,Part3 (4th x4),0,0,0,0
Socket1,IIO Stack 3 - PCIe2,Part0 (1st x16/x8/x4),0,0,0,0,0,0,0,0,0,0,0
Socket1,IIO Stack 3 - PCIe2,Part1 (2nd x4),0,0,0,0
Socket1,IIO Stack 3 - PCIe2,Part2 (2nd x8/3rd x4),0,0,0,0
Socket1,IIO Stack 3 - PCIe2,Part3 (4th x4),0,0,0,0
Socket1,IIO Stack 4 - MCP0,Part0 (1st x16/x8/x4),0,0,0,0,0,0,0,0,0,0,0
Socket1,IIO Stack 4 - MCP0,Part1 (2nd x4),0,0,0,0
Socket1,IIO Stack 4 - MCP0,Part2 (2nd x8/3rd x4),0,0,0,0
Socket1,IIO Stack 4 - MCP0,Part3 (4th x4),0,0,0,0
Socket1,IIO Stack 5 - MCP1,Part0 (1st x16/x8/x4),0,0,0,0,0,0,0,0,0,0,0
Socket1,IIO Stack 5 - MCP1,Part1 (2nd x4),0,0,0,0
Socket1,IIO Stack 5 - MCP1,Part2 (2nd x8/3rd x4),0,0,0,0
Socket1,IIO Stack 5 - MCP1,Part3 (4th x4),0,0,0,0
Socket2,IIO Stack 0 - CBDMA/DMI,Part0 (1st x16/x8/x4),0,0,0,0,0,0,0,0,0,0,0
Socket2,IIO Stack 0 - CBDMA/DMI,Part1 (2nd x4),0,0,0,0
Socket2,IIO Stack 0 - CBDMA/DMI,Part2 (2nd x8/3rd x4),0,0,0,0
Socket2,IIO Stack 0 - CBDMA/DMI,Part3 (4th x4),0,0,0,0
Socket2,IIO Stack 1 - PCIe0,Part0 (1st x16/x8/x4),0,0,0,0,0,0,0,0,0,0,0
Socket2,IIO Stack 1 - PCIe0,Part1 (2nd x4),0,0,0,0
Socket2,IIO Stack 1 - PCIe0,Part2 (2nd x8/3rd x4),0,0,0,0
Socket2,IIO Stack 1 - PCIe0,Part3 (4th x4),0,0,0,0
Socket2,IIO Stack 2 - PCIe1,Part0 (1st x16/x8/x4),0,0,0,0,0,0,0,0,0,0,0
Socket2,IIO Stack 2 - PCIe1,Part1 (2nd x4),0,0,0,0
Socket2,IIO Stack 2 - PCIe1,Part2 (2nd x8/3rd x4),0,0,0,0
Socket2,IIO Stack 2 - PCIe1,Part3 (4th x4),0,0,0,0
Socket2,IIO Stack 3 - PCIe2,Part0 (1st x16/x8/x4),0,0,0,0,0,0,0,0,0,0,0
Socket2,IIO Stack 3 - PCIe2,Part1 (2nd x4),0,0,0,0
Socket2,IIO Stack 3 - PCIe2,Part2 (2nd x8/3rd x4),0,0,0,0
Socket2,IIO Stack 3 - PCIe2,Part3 (4th x4),0,0,0,0
Socket2,IIO Stack 4 - MCP0,Part0 (1st x16/x8/x4),0,0,0,0,0,0,0,0,0,0,0
Socket2,IIO Stack 4 - MCP0,Part1 (2nd x4),0,0,0,0
Socket2,IIO Stack 4 - MCP0,Part2 (2nd x8/3rd x4),0,0,0,0
Socket2,IIO Stack 4 - MCP0,Part3 (4th x4),0,0,0,0
Socket2,IIO Stack 5 - MCP1,Part0 (1st x16/x8/x4),0,0,0,0,0,0,0,0,0,0,0
Socket2,IIO Stack 5 - MCP1,Part1 (2nd x4),0,0,0,0
Socket2,IIO Stack 5 - MCP1,Part2 (2nd x8/3rd x4),0,0,0,0
Socket2,IIO Stack 5 - MCP1,Part3 (4th x4),0,0,0,0
Socket3,IIO Stack 0 - CBDMA/DMI,Part0 (1st x16/x8/x4),0,0,0,0,0,0,0,0,0,0,0
Socket3,IIO Stack 0 - CBDMA/DMI,Part1 (2nd x4),0,0,0,0
Socket3,IIO Stack 0 - CBDMA/DMI,Part2 (2nd x8/3rd x4),0,0,0,0
Socket3,IIO Stack 0 - CBDMA/DMI,Part3 (4th x4),0,0,0,0
Socket3,IIO Stack 1 - PCIe0,Part0 (1st x16/x8/x4),0,0,0,0,0,0,0,0,0,0,0
Socket3,IIO Stack 1 - PCIe0,Part1 (2nd x4),0,0,0,0
Socket3,IIO Stack 1 - PCIe0,Part2 (2nd x8/3rd x4),0,0,0,0
Socket3,IIO Stack 1 - PCIe0,Part3 (4th x4),0,0,0,0
Socket3,IIO Stack 2 - PCIe1,Part0 (1st x16/x8/x4),0,0,0,0,0,0,0,0,0,0,0
Socket3,IIO Stack 2 - PCIe1,Part1 (2nd x4),0,0,0,0
Socket3,IIO Stack 2 - PCIe1,Part2 (2nd x8/3rd x4),0,0,0,0
Socket3,IIO Stack 2 - PCIe1,Part3 (4th x4),0,0,0,0
Socket3,IIO Stack 3 - PCIe2,Part0 (1st x16/x8/x4),0,0,0,0,0,0,0,0,0,0,0
Socket3,IIO Stack 3 - PCIe2,Part1 (2nd x4),0,0,0,0
Socket3,IIO Stack 3 - PCIe2,Part2 (2nd x8/3rd x4),0,0,0,0
Socket3,IIO Stack 3 - PCIe2,Part3 (4th x4),0,0,0,0
Socket3,IIO Stack 4 - MCP0,Part0 (1st x16/x8/x4),0,0,0,0,0,0,0,0,0,0,0
Socket3,IIO Stack 4 - MCP0,Part1 (2nd x4),0,0,0,0
Socket3,IIO Stack 4 - MCP0,Part2 (2nd x8/3rd x4),0,0,0,0
Socket3,IIO Stack 4 - MCP0,Part3 (4th x4),0,0,0,0
Socket3,IIO Stack 5 - MCP1,Part0 (1st x16/x8/x4),0,0,0,0,0,0,0,0,0,0,0
Socket3,IIO Stack 5 - MCP1,Part1 (2nd x4),0,0,0,0
Socket3,IIO Stack 5 - MCP1,Part2 (2nd x8/3rd x4),0,0,0,0
Socket3,IIO Stack 5 - MCP1,Part3 (4th x4),0,0,0,0
Socket,Name,Part,IB write (bytes),IB read (bytes),OB read (bytes),OB write (bytes),IOTLB Hit,IOTLB Miss,VT-d CTXT Miss,VT-d L1 Miss,VT-d L2 Miss,VT-d L3 Miss,VT-d Mem Read
Socket0,IIO Stack 0 - CBDMA/DMI,Part0 (1st x16/x8/x4),0,0,0,0,0,0,0,0,0,0,0
Socket0,IIO Stack 0 - CBDMA/DMI,Part1 (2nd x4),5023,0,0,0
Socket0,IIO Stack 0 - CBDMA/DMI,Part2 (2nd x8/3rd x4),0,0,0,0
Socket0,IIO Stack 0 - CBDMA/DMI,Part3 (4th x4),0,0,0,0
Socket0,IIO Stack 1 - PCIe0,Part0 (1st x16/x8/x4),0,0,0,0,0,0,0,0,0,0,0
Socket0,IIO Stack 1 - PCIe0,Part1 (2nd x4),0,0,0,0
Socket0,IIO Stack 1 - PCIe0,Part2 (2nd x8/3rd x4),0,0,0,0
Socket0,IIO Stack 1 - PCIe0,Part3 (4th x4),0,0,0,0
Socket0,IIO Stack 2 - PCIe1,Part0 (1st x16/x8/x4),12823569860,66351348,0,9902418,54218488,3827186,209,232,232,749069,4585418
Socket0,IIO Stack 2 - PCIe1,Part1 (2nd x4),0,0,0,0
Socket0,IIO Stack 2 - PCIe1,Part2 (2nd x8/3rd x4),0,0,0,0
Socket0,IIO Stack 2 - PCIe1,Part3 (4th x4),0,0,0,0
Socket0,IIO Stack 3 - PCIe2,Part0 (1st x16/x8/x4),0,0,0,0,0,0,0,0,0,0,0
Socket0,IIO Stack 3 - PCIe2,Part1 (2nd x4),0,0,0,0
Socket0,IIO Stack 3 - PCIe2,Part2 (2nd x8/3rd x4),0,0,0,0
Socket0,IIO Stack 3 - PCIe2,Part3 (4th x4),0,0,0,0
Socket0,IIO Stack 4 - MCP0,Part0 (1st x16/x8/x4),0,0,0,0,0,0,0,0,0,0,0
Socket0,IIO Stack 4 - MCP0,Part1 (2nd x4),0,0,0,0
Socket0,IIO Stack 4 - MCP0,Part2 (2nd x8/3rd x4),0,0,0,0
Socket0,IIO Stack 4 - MCP0,Part3 (4th x4),0,0,0,0
Socket0,IIO Stack 5 - MCP1,Part0 (1st x16/x8/x4),0,0,0,0,0,0,0,0,0,0,0
Socket0,IIO Stack 5 - MCP1,Part1 (2nd x4),0,0,0,0
Socket0,IIO Stack 5 - MCP1,Part2 (2nd x8/3rd x4),0,0,0,0
Socket0,IIO Stack 5 - MCP1,Part3 (4th x4),0,0,0,0
Socket1,IIO Stack 0 - CBDMA/DMI,Part0 (1st x16/x8/x4),0,0,0,0,0,0,0,0,0,0,0
Socket1,IIO Stack 0 - CBDMA/DMI,Part1 (2nd x4),0,0,0,0
Socket1,IIO Stack 0 - CBDMA/DMI,Part2 (2nd x8/3rd x4),0,0,0,0
Socket1,IIO Stack 0 - CBDMA/DMI,Part3 (4th x4),0,0,0,0
Socket1,IIO Stack 1 - PCIe0,Part0 (1st x16/x8/x4),0,0,0,0,0,0,0,0,0,0,0
Socket1,IIO Stack 1 - PCIe0,Part1 (2nd x4),0,0,0,0
Socket1,IIO Stack 1 - PCIe0,Part2 (2nd x8/3rd x4),0,0,0,0
Socket1,IIO Stack 1 - PCIe0,Part3 (4th x4),0,0,0,0
Socket1,IIO Stack 2 - PCIe1,Part0 (1st x16/x8/x4),0,0,0,0,0,0,0,0,0,0,0
Socket1,IIO Stack 2 - PCIe1,Part1 (2nd x4),0,0,0,0
Socket1,IIO Stack 2 - PCIe1,Part2 (2nd x8/3rd x4),0,0,0,0
Socket1,IIO Stack 2 - PCIe1,Part3 (4th x4),0,0,0,0
Socket1,IIO Stack 3 - PCIe2,Part0 (1st x16/x8/x4),0,0,0,0,0,0,0,0,0,0,0
Socket1,IIO Stack 3 - PCIe2,Part1 (2nd x4),0,0,0,0
Socket1,IIO Stack 3 - PCIe2,Part2 (2nd x8/3rd x4),0,0,0,0
Socket1,IIO Stack 3 - PCIe2,Part3 (4th x4),0,0,0,0
Socket1,IIO Stack 4 - MCP0,Part0 (1st x16/x8/x4),0,0,0,0,0,0,0,0,0,0,0
Socket1,IIO Stack 4 - MCP0,Part1 (2nd x4),0,0,0,0
Socket1,IIO Stack 4 - MCP0,Part2 (2nd x8/3rd x4),0,0,0,0
Socket1,IIO Stack 4 - MCP0,Part3 (4th x4),0,0,0,0
Socket1,IIO Stack 5 - MCP1,Part0 (1st x16/x8/x4),0,0,0,0,0,0,0,0,0,0,0
Socket1,IIO Stack 5 - MCP1,Part1 (2nd x4),0,0,0,0
Socket1,IIO Stack 5 - MCP1,Part2 (2nd x8/3rd x4),0,0,0,0
Socket1,IIO Stack 5 - MCP1,Part3 (4th x4),0,0,0,0
Socket2,IIO Stack 0 - CBDMA/DMI,Part0 (1st x16/x8/x4),0,0,0,0,0,0,0,0,0,0,0
Socket2,IIO Stack 0 - CBDMA/DMI,Part1 (2nd x4),0,0,0,0
Socket2,IIO Stack 0 - CBDMA/DMI,Part2 (2nd x8/3rd x4),0,0,0,0
Socket2,IIO Stack 0 - CBDMA/DMI,Part3 (4th x4),0,0,0,0
Socket2,IIO Stack 1 - PCIe0,Part0 (1st x16/x8/x4),0,0,0,0,0,0,0,0,0,0,0
Socket2,IIO Stack 1 - PCIe0,Part1 (2nd x4),0,0,0,0
Socket2,IIO Stack 1 - PCIe0,Part2 (2nd x8/3rd x4),0,0,0,0
Socket2,IIO Stack 1 - PCIe0,Part3 (4th x4),0,0,0,0
Socket2,IIO Stack 2 - PCIe1,Part0 (1st x16/x8/x4),0,0,0,0,0,0,0,0,0,0,0
Socket2,IIO Stack 2 - PCIe1,Part1 (2nd x4),0,0,0,0
Socket2,IIO Stack 2 - PCIe1,Part2 (2nd x8/3rd x4),0,0,0,0
Socket2,IIO Stack 2 - PCIe1,Part3 (4th x4),0,0,0,0
Socket2,IIO Stack 3 - PCIe2,Part0 (1st x16/x8/x4),0,0,0,0,0,0,0,0,0,0,0
Socket2,IIO Stack 3 - PCIe2,Part1 (2nd x4),0,0,0,0
Socket2,IIO Stack 3 - PCIe2,Part2 (2nd x8/3rd x4),0,0,0,0
Socket2,IIO Stack 3 - PCIe2,Part3 (4th x4),0,0,0,0
Socket2,IIO Stack 4 - MCP0,Part0 (1st x16/x8/x4),0,0,0,0,0,0,0,0,0,0,0
Socket2,IIO Stack 4 - MCP0,Part1 (2nd x4),0,0,0,0
Socket2,IIO Stack 4 - MCP0,Part2 (2nd x8/3rd x4),0,0,0,0
Socket2,IIO Stack 4 - MCP0,Part3 (4th x4),0,0,0,0
Socket2,IIO Stack 5 - MCP1,Part0 (1st x16/x8/x4),0,0,0,0,0,0,0,0,0,0,0
Socket2,IIO Stack 5 - MCP1,Part1 (2nd x4),0,0,0,0
Socket2,IIO Stack 5 - MCP1,Part2 (2nd x8/3rd x4),0,0,0,0
Socket2,IIO Stack 5 - MCP1,Part3 (4th x4),0,0,0,0
Socket3,IIO Stack 0 - CBDMA/DMI,Part0 (1st x16/x8/x4),0,0,0,0,0,0,0,0,0,0,0
Socket3,IIO Stack 0 - CBDMA/DMI,Part1 (2nd x4),0,0,0,0
Socket3,IIO Stack 0 - CBDMA/DMI,Part2 (2nd x8/3rd x4),0,0,0,0
Socket3,IIO Stack 0 - CBDMA/DMI,Part3 (4th x4),0,0,0,0
Socket3,IIO Stack 1 - PCIe0,Part0 (1st x16/x8/x4),0,0,0,0,0,0,0,0,0,0,0
Socket3,IIO Stack 1 - PCIe0,Part1 (2nd x4),0,0,0,0
Socket3,IIO Stack 1 - PCIe0,Part2 (2nd x8/3rd x4),0,0,0,0
Socket3,IIO Stack 1 - PCIe0,Part3 (4th x4),0,0,0,0
Socket3,IIO Stack 2 - PCIe1,Part0 (1st x16/x8/x4),0,0,0,0,0,0,0,0,0,0,0
Socket3,IIO Stack 2 - PCIe1,Part1 (2nd x4),0,0,0,0
Socket3,IIO Stack 2 - PCIe1,Part2 (2nd x8/3rd x4),0,0,0,0
Socket3,IIO Stack 2 - PCIe1,Part3 (4th x4),0,0,0,0
Socket3,IIO Stack 3 - PCIe2,Part0 (1st x16/x8/x4),0,0,0,0,0,0,0,0,0,0,0
Socket3,IIO Stack 3 - PCIe2,Part1 (2nd x4),0,0,0,0
Socket3,IIO Stack 3 - PCIe2,Part2 (2nd x8/3rd x4),0,0,0,0
Socket3,IIO Stack 3 - PCIe2,Part3 (4th x4),0,0,0,0
Socket3,IIO Stack 4 - MCP0,Part0 (1st x16/x8/x4),0,0,0,0,0,0,0,0,0,0,0
Socket3,IIO Stack 4 - MCP0,Part1 (2nd x4),0,0,0,0
Socket3,IIO Stack 4 - MCP0,Part2 (2nd x8/3rd x4),0,0,0,0
Socket3,IIO Stack 4 - MCP0,Part3 (4th x4),0,0,0,0
Socket3,IIO Stack 5 - MCP1,Part0 (1st x16/x8/x4),0,0,0,0,0,0,0,0,0,0,0
Socket3,IIO Stack 5 - MCP1,Part1 (2nd x4),0,0,0,0
Socket3,IIO Stack 5 - MCP1,Part2 (2nd x8/3rd x4),0,0,0,0
Socket3,IIO Stack 5 - MCP1,Part3 (4th x4),0,0,0,0
Socket,Name,Part,IB write (bytes),IB read (bytes),OB read (bytes),OB write (bytes),IOTLB Hit,IOTLB Miss,VT-d CTXT Miss,VT-d L1 Miss,VT-d L2 Miss,VT-d L3 Miss,VT-d Mem Read
Socket0,IIO Stack 0 - CBDMA/DMI,Part0 (1st x16/x8/x4),0,0,0,0,534,0,0,0,0,0,0
Socket0,IIO Stack 0 - CBDMA/DMI,Part1 (2nd x4),9488,0,0,558
Socket0,IIO Stack 0 - CBDMA/DMI,Part2 (2nd x8/3rd x4),0,0,0,0
Socket0,IIO Stack 0 - CBDMA/DMI,Part3 (4th x4),0,0,0,0
Socket0,IIO Stack 1 - PCIe0,Part0 (1st x16/x8/x4),0,0,0,0,0,0,0,0,0,0,0
Socket0,IIO Stack 1 - PCIe0,Part1 (2nd x4),0,0,0,0
Socket0,IIO Stack 1 - PCIe0,Part2 (2nd x8/3rd x4),0,0,0,0
Socket0,IIO Stack 1 - PCIe0,Part3 (4th x4),0,0,0,0
Socket0,IIO Stack 2 - PCIe1,Part0 (1st x16/x8/x4),12826247441,68156744,0,11260558,54322488,3869651,232,209,209,731604,4526697
Socket0,IIO Stack 2 - PCIe1,Part1 (2nd x4),0,0,0,0
Socket0,IIO Stack 2 - PCIe1,Part2 (2nd x8/3rd x4),0,0,0,0
Socket0,IIO Stack 2 - PCIe1,Part3 (4th x4),0,0,0,0
Socket0,IIO Stack 3 - PCIe2,Part0 (1st x16/x8/x4),0,0,0,0,0,0,0,0,0,0,7604
Socket0,IIO Stack 3 - PCIe2,Part1 (2nd x4),0,0,0,0
Socket0,IIO Stack 3 - PCIe2,Part2 (2nd x8/3rd x4),0,0,0,0
Socket0,IIO Stack 3 - PCIe2,Part3 (4th x4),0,0,0,0
Socket0,IIO Stack 4 - MCP0,Part0 (1st x16/x8/x4),0,0,0,0,0,0,0,0,0,0,0
Socket0,IIO Stack 4 - MCP0,Part1 (2nd x4),0,0,0,0
Socket0,IIO Stack 4 - MCP0,Part2 (2nd x8/3rd x4),0,0,0,0
Socket0,IIO Stack 4 - MCP0,Part3 (4th x4),0,0,0,0
Socket0,IIO Stack 5 - MCP1,Part0 (1st x16/x8/x4),0,0,0,0,0,0,0,0,0,0,0
Socket0,IIO Stack 5 - MCP1,Part1 (2nd x4),0,0,0,0
Socket0,IIO Stack 5 - MCP1,Part2 (2nd x8/3rd x4),0,0,0,0
Socket0,IIO Stack 5 - MCP1,Part3 (4th x4),0,0,0,0
Socket1,IIO Stack 0 - CBDMA/DMI,Part0 (1st x16/x8/x4),0,0,0,0,0,0,0,0,0,0,0
Socket1,IIO Stack 0 - CBDMA/DMI,Part1 (2nd x4),0,0,0,0
Socket1,IIO Stack 0 - CBDMA/DMI,Part2 (2nd x8/3rd x4),0,0,0,0
Socket1,IIO Stack 0 - CBDMA/DMI,Part3 (4th x4),0,0,0,0
Socket1,IIO Stack 1 - PCIe0,Part0 (1st x16/x8/x4),0,0,0,0,0,0,0,0,0,0,0
Socket1,IIO Stack 1 - PCIe0,Part1 (2nd x4),0,0,0,0
Socket1,IIO Stack 1 - PCIe0,Part2 (2nd x8/3rd x4),0,0,0,0
Socket1,IIO Stack 1 - PCIe0,Part3 (4th x4),0,0,0,0
Socket1,IIO Stack 2 - PCIe1,Part0 (1st x16/x8/x4),0,0,0,0,0,0,0,0,0,0,0
Socket1,IIO Stack 2 - PCIe1,Part1 (2nd x4),0,0,0,0
Socket1,IIO Stack 2 - PCIe1,Part2 (2nd x8/3rd x4),0,0,0,0
Socket1,IIO Stack 2 - PCIe1,Part3 (4th x4),0,0,0,0
Socket1,IIO Stack 3 - PCIe2,Part0 (1st x16/x8/x4),0,0,0,0,0,0,0,0,0,0,0
Socket1,IIO Stack 3 - PCIe2,Part1 (2nd x4),0,0,0,0
Socket1,IIO Stack 3 - PCIe2,Part2 (2nd x8/3rd x4),0,0,0,0
Socket1,IIO Stack 3 - PCIe2,Part3 (4th x4),0,0,0,0
Socket1,IIO Stack 4 - MCP0,Part0 (1st x16/x8/x4),0,0,0,0,0,0,0,0,0,0,0
Socket1,IIO Stack 4 - MCP0,Part1 (2nd x4),0,0,0,0
Socket1,IIO Stack 4 - MCP0,Part2 (2nd x8/3rd x4),0,0,0,0
Socket1,IIO Stack 4 - MCP0,Part3 (4th x4),0,0,0,0
Socket1,IIO Stack 5 - MCP1,Part0 (1st x16/x8/x4),0,0,0,0,0,0,0,0,0,0,0
Socket1,IIO Stack 5 - MCP1,Part1 (2nd x4),0,0,0,0
Socket1,IIO Stack 5 - MCP1,Part2 (2nd x8/3rd x4),0,0,0,0
Socket1,IIO Stack 5 - MCP1,Part3 (4th x4),0,0,0,0
Socket2,IIO Stack 0 - CBDMA/DMI,Part0 (1st x16/x8/x4),0,0,0,0,0,0,0,0,0,0,0
Socket2,IIO Stack 0 - CBDMA/DMI,Part1 (2nd x4),0,0,0,0
Socket2,IIO Stack 0 - CBDMA/DMI,Part2 (2nd x8/3rd x4),0,0,0,0
Socket2,IIO Stack 0 - CBDMA/DMI,Part3 (4th x4),0,0,0,0
Socket2,IIO Stack 1 - PCIe0,Part0 (1st x16/x8/x4),0,0,0,0,0,0,0,0,0,0,0
Socket2,IIO Stack 1 - PCIe0,Part1 (2nd x4),0,0,0,0
Socket2,IIO Stack 1 - PCIe0,Part2 (2nd x8/3rd x4),0,0,0,0
Socket2,IIO Stack 1 - PCIe0,Part3 (4th x4),0,0,0,0
Socket2,IIO Stack 2 - PCIe1,Part0 (1st x16/x8/x4),0,0,0,0,0,0,0,0,0,0,0
Socket2,IIO Stack 2 - PCIe1,Part1 (2nd x4),0,0,0,0
Socket2,IIO Stack 2 - PCIe1,Part2 (2nd x8/3rd x4),0,0,0,0
Socket2,IIO Stack 2 - PCIe1,Part3 (4th x4),0,0,0,0
Socket2,IIO Stack 3 - PCIe2,Part0 (1st x16/x8/x4),0,0,0,0,0,0,0,0,0,0,0
Socket2,IIO Stack 3 - PCIe2,Part1 (2nd x4),0,0,0,0
Socket2,IIO Stack 3 - PCIe2,Part2 (2nd x8/3rd x4),0,0,0,0
Socket2,IIO Stack 3 - PCIe2,Part3 (4th x4),0,0,0,0
Socket2,IIO Stack 4 - MCP0,Part0 (1st x16/x8/x4),0,0,0,0,0,0,0,0,0,0,0
Socket2,IIO Stack 4 - MCP0,Part1 (2nd x4),0,0,0,0
Socket2,IIO Stack 4 - MCP0,Part2 (2nd x8/3rd x4),0,0,0,0
Socket2,IIO Stack 4 - MCP0,Part3 (4th x4),0,0,0,0
Socket2,IIO Stack 5 - MCP1,Part0 (1st x16/x8/x4),0,0,0,0,0,0,0,0,0,0,0
Socket2,IIO Stack 5 - MCP1,Part1 (2nd x4),0,0,0,0
Socket2,IIO Stack 5 - MCP1,Part2 (2nd x8/3rd x4),0,0,0,0
Socket2,IIO Stack 5 - MCP1,Part3 (4th x4),0,0,0,0
Socket3,IIO Stack 0 - CBDMA/DMI,Part0 (1st x16/x8/x4),0,0,0,0,0,0,0,0,0,0,0
Socket3,IIO Stack 0 - CBDMA/DMI,Part1 (2nd x4),0,0,0,0
Socket3,IIO Stack 0 - CBDMA/DMI,Part2 (2nd x8/3rd x4),0,0,0,0
Socket3,IIO Stack 0 - CBDMA/DMI,Part3 (4th x4),0,0,0,0
Socket3,IIO Stack 1 - PCIe0,Part0 (1st x16/x8/x4),0,0,0,0,0,0,0,0,0,0,0
Socket3,IIO Stack 1 - PCIe0,Part1 (2nd x4),0,0,0,0
Socket3,IIO Stack 1 - PCIe0,Part2 (2nd x8/3rd x4),0,0,0,0
Socket3,IIO Stack 1 - PCIe0,Part3 (4th x4),0,0,0,0
Socket3,IIO Stack 2 - PCIe1,Part0 (1st x16/x8/x4),0,0,0,0,0,0,0,0,0,0,0
Socket3,IIO Stack 2 - PCIe1,Part1 (2nd x4),0,0,0,0
Socket3,IIO Stack 2 - PCIe1,Part2 (2nd x8/3rd x4),0,0,0,0
Socket3,IIO Stack 2 - PCIe1,Part3 (4th x4),0,0,0,0
Socket3,IIO Stack 3 - PCIe2,Part0 (1st x16/x8/x4),0,0,0,0,0,0,0,0,0,0,0
Socket3,IIO Stack 3 - PCIe2,Part1 (2nd x4),0,0,0,0
Socket3,IIO Stack 3 - PCIe2,Part2 (2nd x8/3rd x4),0,0,0,0
Socket3,IIO Stack 3 - PCIe2,Part3 (4th x4),0,0,0,0
Socket3,IIO Stack 4 - MCP0,Part0 (1st x16/x8/x4),0,0,0,0,0,0,0,0,0,0,0
Socket3,IIO Stack 4 - MCP0,Part1 (2nd x4),0,0,0,0
Socket3,IIO Stack 4 - MCP0,Part2 (2nd x8/3rd x4),0,0,0,0
Socket3,IIO Stack 4 - MCP0,Part3 (4th x4),0,0,0,0
Socket3,IIO Stack 5 - MCP1,Part0 (1st x16/x8/x4),0,0,0,0,0,0,0,0,0,0,0
Socket3,IIO Stack 5 - MCP1,Part1 (2nd x4),0,0,0,0
Socket3,IIO Stack 5 - MCP1,Part2 (2nd x8/3rd x4),0,0,0,0
Socket3,IIO Stack 5 - MCP1,Part3 (4th x4),0,0,0,0
Socket,Name,Part,IB write (bytes),IB read (bytes),OB read (bytes),OB write (bytes),IOTLB Hit,IOTLB Miss,VT-d CTXT Miss,VT-d L1 Miss,VT-d L2 Miss,VT-d L3 Miss,VT-d Mem Read
Socket0,IIO Stack 0 - CBDMA/DMI,Part0 (1st x16/x8/x4),0,0,0,0,139,0,0,0,23,0,0
Socket0,IIO Stack 0 - CBDMA/DMI,Part1 (2nd x4),0,0,0,186
Socket0,IIO Stack 0 - CBDMA/DMI,Part2 (2nd x8/3rd x4),0,0,0,0
Socket0,IIO Stack 0 - CBDMA/DMI,Part3 (4th x4),0,0,0,0
Socket0,IIO Stack 1 - PCIe0,Part0 (1st x16/x8/x4),0,0,0,0,0,0,0,0,0,0,0
Socket0,IIO Stack 1 - PCIe0,Part1 (2nd x4),0,0,0,0
Socket0,IIO Stack 1 - PCIe0,Part2 (2nd x8/3rd x4),0,0,0,0
Socket0,IIO Stack 1 - PCIe0,Part3 (4th x4),0,0,0,0
Socket0,IIO Stack 2 - PCIe1,Part0 (1st x16/x8/x4),12820509767,69026046,0,12037674,54085558,3816604,186,186,209,728255,4552348
Socket0,IIO Stack 2 - PCIe1,Part1 (2nd x4),0,0,0,0
Socket0,IIO Stack 2 - PCIe1,Part2 (2nd x8/3rd x4),0,0,0,0
Socket0,IIO Stack 2 - PCIe1,Part3 (4th x4),0,0,0,0
Socket0,IIO Stack 3 - PCIe2,Part0 (1st x16/x8/x4),0,0,0,0,0,0,0,0,0,0,0
Socket0,IIO Stack 3 - PCIe2,Part1 (2nd x4),0,0,0,0
Socket0,IIO Stack 3 - PCIe2,Part2 (2nd x8/3rd x4),0,0,0,0
Socket0,IIO Stack 3 - PCIe2,Part3 (4th x4),0,0,0,0
Socket0,IIO Stack 4 - MCP0,Part0 (1st x16/x8/x4),0,0,0,0,0,0,0,0,0,0,0
Socket0,IIO Stack 4 - MCP0,Part1 (2nd x4),0,0,0,0
Socket0,IIO Stack 4 - MCP0,Part2 (2nd x8/3rd x4),0,0,0,0
Socket0,IIO Stack 4 - MCP0,Part3 (4th x4),0,0,0,0
Socket0,IIO Stack 5 - MCP1,Part0 (1st x16/x8/x4),0,0,0,0,0,0,0,0,0,0,0
Socket0,IIO Stack 5 - MCP1,Part1 (2nd x4),0,0,0,0
Socket0,IIO Stack 5 - MCP1,Part2 (2nd x8/3rd x4),0,0,0,0
Socket0,IIO Stack 5 - MCP1,Part3 (4th x4),0,0,0,0
Socket1,IIO Stack 0 - CBDMA/DMI,Part0 (1st x16/x8/x4),0,0,0,0,0,0,0,0,0,0,0
Socket1,IIO Stack 0 - CBDMA/DMI,Part1 (2nd x4),0,0,0,0
Socket1,IIO Stack 0 - CBDMA/DMI,Part2 (2nd x8/3rd x4),0,0,0,0
Socket1,IIO Stack 0 - CBDMA/DMI,Part3 (4th x4),0,0,0,0
Socket1,IIO Stack 1 - PCIe0,Part0 (1st x16/x8/x4),0,0,0,0,0,0,0,0,0,0,0
Socket1,IIO Stack 1 - PCIe0,Part1 (2nd x4),0,0,0,0
Socket1,IIO Stack 1 - PCIe0,Part2 (2nd x8/3rd x4),0,0,0,0
Socket1,IIO Stack 1 - PCIe0,Part3 (4th x4),0,0,0,0
Socket1,IIO Stack 2 - PCIe1,Part0 (1st x16/x8/x4),0,0,0,0,0,0,0,0,0,0,0
Socket1,IIO Stack 2 - PCIe1,Part1 (2nd x4),0,0,0,0
Socket1,IIO Stack 2 - PCIe1,Part2 (2nd x8/3rd x4),0,0,0,0
Socket1,IIO Stack 2 - PCIe1,Part3 (4th x4),0,0,0,0
Socket1,IIO Stack 3 - PCIe2,Part0 (1st x16/x8/x4),0,0,0,0,0,0,0,0,0,0,0
Socket1,IIO Stack 3 - PCIe2,Part1 (2nd x4),0,0,0,0
Socket1,IIO Stack 3 - PCIe2,Part2 (2nd x8/3rd x4),0,0,0,0
Socket1,IIO Stack 3 - PCIe2,Part3 (4th x4),0,0,0,0
Socket1,IIO Stack 4 - MCP0,Part0 (1st x16/x8/x4),0,0,0,0,0,0,0,0,0,0,0
Socket1,IIO Stack 4 - MCP0,Part1 (2nd x4),0,0,0,0
Socket1,IIO Stack 4 - MCP0,Part2 (2nd x8/3rd x4),0,0,0,0
Socket1,IIO Stack 4 - MCP0,Part3 (4th x4),0,0,0,0
Socket1,IIO Stack 5 - MCP1,Part0 (1st x16/x8/x4),0,0,0,0,0,0,0,0,0,0,0
Socket1,IIO Stack 5 - MCP1,Part1 (2nd x4),0,0,0,0
Socket1,IIO Stack 5 - MCP1,Part2 (2nd x8/3rd x4),0,0,0,0
Socket1,IIO Stack 5 - MCP1,Part3 (4th x4),0,0,0,0
Socket2,IIO Stack 0 - CBDMA/DMI,Part0 (1st x16/x8/x4),0,0,0,0,0,0,0,0,0,0,0
Socket2,IIO Stack 0 - CBDMA/DMI,Part1 (2nd x4),0,0,0,0
Socket2,IIO Stack 0 - CBDMA/DMI,Part2 (2nd x8/3rd x4),0,0,0,0
Socket2,IIO Stack 0 - CBDMA/DMI,Part3 (4th x4),0,0,0,0
Socket2,IIO Stack 1 - PCIe0,Part0 (1st x16/x8/x4),0,0,0,0,0,0,0,0,0,0,0
Socket2,IIO Stack 1 - PCIe0,Part1 (2nd x4),0,0,0,0
Socket2,IIO Stack 1 - PCIe0,Part2 (2nd x8/3rd x4),0,0,0,0
Socket2,IIO Stack 1 - PCIe0,Part3 (4th x4),0,0,0,0
Socket2,IIO Stack 2 - PCIe1,Part0 (1st x16/x8/x4),0,0,0,0,0,0,0,0,0,0,0
Socket2,IIO Stack 2 - PCIe1,Part1 (2nd x4),0,0,0,0
Socket2,IIO Stack 2 - PCIe1,Part2 (2nd x8/3rd x4),0,0,0,0
Socket2,IIO Stack 2 - PCIe1,Part3 (4th x4),0,0,0,0
Socket2,IIO Stack 3 - PCIe2,Part0 (1st x16/x8/x4),0,0,0,0,0,0,0,0,0,0,0
Socket2,IIO Stack 3 - PCIe2,Part1 (2nd x4),0,0,0,0
Socket2,IIO Stack 3 - PCIe2,Part2 (2nd x8/3rd x4),0,0,0,0
Socket2,IIO Stack 3 - PCIe2,Part3 (4th x4),0,0,0,0
Socket2,IIO Stack 4 - MCP0,Part0 (1st x16/x8/x4),0,0,0,0,0,0,0,0,0,0,0
Socket2,IIO Stack 4 - MCP0,Part1 (2nd x4),0,0,0,0
Socket2,IIO Stack 4 - MCP0,Part2 (2nd x8/3rd x4),0,0,0,0
Socket2,IIO Stack 4 - MCP0,Part3 (4th x4),0,0,0,0
Socket2,IIO Stack 5 - MCP1,Part0 (1st x16/x8/x4),0,0,0,0,0,0,0,0,0,0,0
Socket2,IIO Stack 5 - MCP1,Part1 (2nd x4),0,0,0,0
Socket2,IIO Stack 5 - MCP1,Part2 (2nd x8/3rd x4),0,0,0,0
Socket2,IIO Stack 5 - MCP1,Part3 (4th x4),0,0,0,0
Socket3,IIO Stack 0 - CBDMA/DMI,Part0 (1st x16/x8/x4),0,0,0,0,0,0,0,0,0,0,0
Socket3,IIO Stack 0 - CBDMA/DMI,Part1 (2nd x4),0,0,0,0
Socket3,IIO Stack 0 - CBDMA/DMI,Part2 (2nd x8/3rd x4),0,0,0,0
Socket3,IIO Stack 0 - CBDMA/DMI,Part3 (4th x4),0,0,0,0
Socket3,IIO Stack 1 - PCIe0,Part0 (1st x16/x8/x4),0,0,0,0,0,0,0,0,0,0,0
Socket3,IIO Stack 1 - PCIe0,Part1 (2nd x4),0,0,0,0
Socket3,IIO Stack 1 - PCIe0,Part2 (2nd x8/3rd x4),0,0,0,0
Socket3,IIO Stack 1 - PCIe0,Part3 (4th x4),0,0,0,0
Socket3,IIO Stack 2 - PCIe1,Part0 (1st x16/x8/x4),0,0,0,0,0,0,0,0,0,0,0
Socket3,IIO Stack 2 - PCIe1,Part1 (2nd x4),0,0,0,0
Socket3,IIO Stack 2 - PCIe1,Part2 (2nd x8/3rd x4),0,0,0,0
Socket3,IIO Stack 2 - PCIe1,Part3 (4th x4),0,0,0,0
Socket3,IIO Stack 3 - PCIe2,Part0 (1st x16/x8/x4),0,0,0,0,0,0,0,0,0,0,0
Socket3,IIO Stack 3 - PCIe2,Part1 (2nd x4),0,0,0,0
Socket3,IIO Stack 3 - PCIe2,Part2 (2nd x8/3rd x4),0,0,0,0
Socket3,IIO Stack 3 - PCIe2,Part3 (4th x4),0,0,0,0
Socket3,IIO Stack 4 - MCP0,Part0 (1st x16/x8/x4),0,0,0,0,0,0,0,0,0,0,0
Socket3,IIO Stack 4 - MCP0,Part1 (2nd x4),0,0,0,0
Socket3,IIO Stack 4 - MCP0,Part2 (2nd x8/3rd x4),0,0,0,0
Socket3,IIO Stack 4 - MCP0,Part3 (4th x4),0,0,0,0
Socket3,IIO Stack 5 - MCP1,Part0 (1st x16/x8/x4),0,0,0,0,0,0,0,0,0,0,0
Socket3,IIO Stack 5 - MCP1,Part1 (2nd x4),0,0,0,0
Socket3,IIO Stack 5 - MCP1,Part2 (2nd x8/3rd x4),0,0,0,0
Socket3,IIO Stack 5 - MCP1,Part3 (4th x4),0,0,0,0
Socket,Name,Part,IB write (bytes),IB read (bytes),OB read (bytes),OB write (bytes),IOTLB Hit,IOTLB Miss,VT-d CTXT Miss,VT-d L1 Miss,VT-d L2 Miss,VT-d L3 Miss,VT-d Mem Read
Socket0,IIO Stack 0 - CBDMA/DMI,Part0 (1st x16/x8/x4),0,0,0,0,186,23,0,0,0,0,162
Socket0,IIO Stack 0 - CBDMA/DMI,Part1 (2nd x4),1767,0,279,372
Socket0,IIO Stack 0 - CBDMA/DMI,Part2 (2nd x8/3rd x4),0,0,0,0
Socket0,IIO Stack 0 - CBDMA/DMI,Part3 (4th x4),0,1905116,0,0
Socket0,IIO Stack 1 - PCIe0,Part0 (1st x16/x8/x4),0,0,0,0,0,0,0,0,0,0,0
Socket0,IIO Stack 1 - PCIe0,Part1 (2nd x4),0,0,0,0
Socket0,IIO Stack 1 - PCIe0,Part2 (2nd x8/3rd x4),0,0,0,0
Socket0,IIO Stack 1 - PCIe0,Part3 (4th x4),0,0,0,0
Socket0,IIO Stack 2 - PCIe1,Part0 (1st x16/x8/x4),12816046139,68458418,0,11715627,54214279,3854651,186,209,209,721627,4533209
Socket0,IIO Stack 2 - PCIe1,Part1 (2nd x4),0,0,0,0
Socket0,IIO Stack 2 - PCIe1,Part2 (2nd x8/3rd x4),0,0,0,0
Socket0,IIO Stack 2 - PCIe1,Part3 (4th x4),0,0,0,0
Socket0,IIO Stack 3 - PCIe2,Part0 (1st x16/x8/x4),0,0,0,0,0,0,0,0,0,0,0
Socket0,IIO Stack 3 - PCIe2,Part1 (2nd x4),0,0,0,0
Socket0,IIO Stack 3 - PCIe2,Part2 (2nd x8/3rd x4),0,0,0,0
Socket0,IIO Stack 3 - PCIe2,Part3 (4th x4),0,0,0,0
Socket0,IIO Stack 4 - MCP0,Part0 (1st x16/x8/x4),0,0,0,0,0,0,0,0,0,0,0
Socket0,IIO Stack 4 - MCP0,Part1 (2nd x4),0,0,0,0
Socket0,IIO Stack 4 - MCP0,Part2 (2nd x8/3rd x4),0,0,0,0
Socket0,IIO Stack 4 - MCP0,Part3 (4th x4),0,0,0,0
Socket0,IIO Stack 5 - MCP1,Part0 (1st x16/x8/x4),0,0,0,0,0,0,0,0,0,0,0
Socket0,IIO Stack 5 - MCP1,Part1 (2nd x4),0,0,0,0
Socket0,IIO Stack 5 - MCP1,Part2 (2nd x8/3rd x4),0,0,0,0
Socket0,IIO Stack 5 - MCP1,Part3 (4th x4),0,0,0,0
Socket1,IIO Stack 0 - CBDMA/DMI,Part0 (1st x16/x8/x4),0,0,0,0,0,0,0,0,0,0,0
Socket1,IIO Stack 0 - CBDMA/DMI,Part1 (2nd x4),0,0,0,0
Socket1,IIO Stack 0 - CBDMA/DMI,Part2 (2nd x8/3rd x4),0,0,0,0
Socket1,IIO Stack 0 - CBDMA/DMI,Part3 (4th x4),0,0,0,0
Socket1,IIO Stack 1 - PCIe0,Part0 (1st x16/x8/x4),0,0,0,0,0,0,0,0,0,0,0
Socket1,IIO Stack 1 - PCIe0,Part1 (2nd x4),0,0,0,0
Socket1,IIO Stack 1 - PCIe0,Part2 (2nd x8/3rd x4),0,0,0,0
Socket1,IIO Stack 1 - PCIe0,Part3 (4th x4),0,0,0,0
Socket1,IIO Stack 2 - PCIe1,Part0 (1st x16/x8/x4),0,0,0,0,0,0,0,0,0,0,0
Socket1,IIO Stack 2 - PCIe1,Part1 (2nd x4),0,0,0,0
Socket1,IIO Stack 2 - PCIe1,Part2 (2nd x8/3rd x4),0,0,0,0
Socket1,IIO Stack 2 - PCIe1,Part3 (4th x4),0,0,0,0
Socket1,IIO Stack 3 - PCIe2,Part0 (1st x16/x8/x4),0,0,0,0,0,0,0,0,0,0,0
Socket1,IIO Stack 3 - PCIe2,Part1 (2nd x4),0,0,0,0
Socket1,IIO Stack 3 - PCIe2,Part2 (2nd x8/3rd x4),0,0,0,0
Socket1,IIO Stack 3 - PCIe2,Part3 (4th x4),0,0,0,0
Socket1,IIO Stack 4 - MCP0,Part0 (1st x16/x8/x4),0,0,0,0,0,0,0,0,0,0,0
Socket1,IIO Stack 4 - MCP0,Part1 (2nd x4),0,0,0,0
Socket1,IIO Stack 4 - MCP0,Part2 (2nd x8/3rd x4),0,0,0,0
Socket1,IIO Stack 4 - MCP0,Part3 (4th x4),0,0,0,0
Socket1,IIO Stack 5 - MCP1,Part0 (1st x16/x8/x4),0,0,0,0,0,0,0,0,0,0,0
Socket1,IIO Stack 5 - MCP1,Part1 (2nd x4),0,0,0,0
Socket1,IIO Stack 5 - MCP1,Part2 (2nd x8/3rd x4),0,0,0,0
Socket1,IIO Stack 5 - MCP1,Part3 (4th x4),0,0,0,0
Socket2,IIO Stack 0 - CBDMA/DMI,Part0 (1st x16/x8/x4),0,0,0,0,0,0,0,0,0,0,0
Socket2,IIO Stack 0 - CBDMA/DMI,Part1 (2nd x4),0,0,0,0
Socket2,IIO Stack 0 - CBDMA/DMI,Part2 (2nd x8/3rd x4),0,0,0,0
Socket2,IIO Stack 0 - CBDMA/DMI,Part3 (4th x4),0,0,0,0
Socket2,IIO Stack 1 - PCIe0,Part0 (1st x16/x8/x4),0,0,0,0,0,0,0,0,0,0,0
Socket2,IIO Stack 1 - PCIe0,Part1 (2nd x4),0,0,0,0
Socket2,IIO Stack 1 - PCIe0,Part2 (2nd x8/3rd x4),0,0,0,0
Socket2,IIO Stack 1 - PCIe0,Part3 (4th x4),0,0,0,0
Socket2,IIO Stack 2 - PCIe1,Part0 (1st x16/x8/x4),0,0,0,0,0,0,0,0,0,0,0
Socket2,IIO Stack 2 - PCIe1,Part1 (2nd x4),0,0,0,0
Socket2,IIO Stack 2 - PCIe1,Part2 (2nd x8/3rd x4),0,0,0,0
Socket2,IIO Stack 2 - PCIe1,Part3 (4th x4),0,0,0,0
Socket2,IIO Stack 3 - PCIe2,Part0 (1st x16/x8/x4),0,0,0,0,0,0,0,0,0,0,0
Socket2,IIO Stack 3 - PCIe2,Part1 (2nd x4),0,0,0,0
Socket2,IIO Stack 3 - PCIe2,Part2 (2nd x8/3rd x4),0,0,0,0
Socket2,IIO Stack 3 - PCIe2,Part3 (4th x4),0,0,0,0
Socket2,IIO Stack 4 - MCP0,Part0 (1st x16/x8/x4),0,0,0,0,0,0,0,0,0,0,0
Socket2,IIO Stack 4 - MCP0,Part1 (2nd x4),0,0,0,0
Socket2,IIO Stack 4 - MCP0,Part2 (2nd x8/3rd x4),0,0,0,0
Socket2,IIO Stack 4 - MCP0,Part3 (4th x4),0,0,0,0
Socket2,IIO Stack 5 - MCP1,Part0 (1st x16/x8/x4),0,0,0,0,0,0,0,0,0,0,0
Socket2,IIO Stack 5 - MCP1,Part1 (2nd x4),0,0,0,0
Socket2,IIO Stack 5 - MCP1,Part2 (2nd x8/3rd x4),0,0,0,0
Socket2,IIO Stack 5 - MCP1,Part3 (4th x4),0,0,0,0
Socket3,IIO Stack 0 - CBDMA/DMI,Part0 (1st x16/x8/x4),0,0,0,0,0,0,0,0,0,0,0
Socket3,IIO Stack 0 - CBDMA/DMI,Part1 (2nd x4),0,0,0,0
Socket3,IIO Stack 0 - CBDMA/DMI,Part2 (2nd x8/3rd x4),0,0,0,0
Socket3,IIO Stack 0 - CBDMA/DMI,Part3 (4th x4),0,0,0,0
Socket3,IIO Stack 1 - PCIe0,Part0 (1st x16/x8/x4),0,0,0,0,0,0,0,0,0,0,0
Socket3,IIO Stack 1 - PCIe0,Part1 (2nd x4),0,0,0,0
Socket3,IIO Stack 1 - PCIe0,Part2 (2nd x8/3rd x4),0,0,0,0
Socket3,IIO Stack 1 - PCIe0,Part3 (4th x4),0,0,0,0
Socket3,IIO Stack 2 - PCIe1,Part0 (1st x16/x8/x4),0,0,0,0,0,0,0,0,0,0,0
Socket3,IIO Stack 2 - PCIe1,Part1 (2nd x4),0,0,0,0
Socket3,IIO Stack 2 - PCIe1,Part2 (2nd x8/3rd x4),0,0,0,0
Socket3,IIO Stack 2 - PCIe1,Part3 (4th x4),0,0,0,0
Socket3,IIO Stack 3 - PCIe2,Part0 (1st x16/x8/x4),0,0,0,0,0,0,0,0,0,0,0
Socket3,IIO Stack 3 - PCIe2,Part1 (2nd x4),0,0,0,0
Socket3,IIO Stack 3 - PCIe2,Part2 (2nd x8/3rd x4),0,0,0,0
Socket3,IIO Stack 3 - PCIe2,Part3 (4th x4),0,0,0,0
Socket3,IIO Stack 4 - MCP0,Part0 (1st x16/x8/x4),0,0,0,0,0,0,0,0,0,0,0
Socket3,IIO Stack 4 - MCP0,Part1 (2nd x4),0,0,0,0
Socket3,IIO Stack 4 - MCP0,Part2 (2nd x8/3rd x4),0,0,0,0
Socket3,IIO Stack 4 - MCP0,Part3 (4th x4),0,0,0,0
Socket3,IIO Stack 5 - MCP1,Part0 (1st x16/x8/x4),0,0,0,0,0,0,0,0,0,0,0
Socket3,IIO Stack 5 - MCP1,Part1 (2nd x4),0,0,0,0
Socket3,IIO Stack 5 - MCP1,Part2 (2nd x8/3rd x4),0,0,0,0
Socket3,IIO Stack 5 - MCP1,Part3 (4th x4),0,0,0,0
Socket,Name,Part,IB write (bytes),IB read (bytes),OB read (bytes),OB write (bytes),IOTLB Hit,IOTLB Miss,VT-d CTXT Miss,VT-d L1 Miss,VT-d L2 Miss,VT-d L3 Miss,VT-d Mem Read
Socket0,IIO Stack 0 - CBDMA/DMI,Part0 (1st x16/x8/x4),0,0,0,0,69,0,0,0,0,0,139
Socket0,IIO Stack 0 - CBDMA/DMI,Part1 (2nd x4),10325,0,0,0
Socket0,IIO Stack 0 - CBDMA/DMI,Part2 (2nd x8/3rd x4),0,0,0,0
Socket0,IIO Stack 0 - CBDMA/DMI,Part3 (4th x4),0,0,0,0
Socket0,IIO Stack 1 - PCIe0,Part0 (1st x16/x8/x4),0,0,0,0,0,0,0,0,0,0,0
Socket0,IIO Stack 1 - PCIe0,Part1 (2nd x4),0,0,0,0
Socket0,IIO Stack 1 - PCIe0,Part2 (2nd x8/3rd x4),0,0,0,0
Socket0,IIO Stack 1 - PCIe0,Part3 (4th x4),0,0,0,0
Socket0,IIO Stack 2 - PCIe1,Part0 (1st x16/x8/x4),12800581953,63406418,0,7945953,54166372,3799627,186,162,186,704209,4582790
Socket0,IIO Stack 2 - PCIe1,Part1 (2nd x4),0,0,0,0
Socket0,IIO Stack 2 - PCIe1,Part2 (2nd x8/3rd x4),0,0,0,0
Socket0,IIO Stack 2 - PCIe1,Part3 (4th x4),0,0,0,0
Socket0,IIO Stack 3 - PCIe2,Part0 (1st x16/x8/x4),0,0,0,0,0,0,0,0,23,0,0
Socket0,IIO Stack 3 - PCIe2,Part1 (2nd x4),0,0,0,0
Socket0,IIO Stack 3 - PCIe2,Part2 (2nd x8/3rd x4),0,0,0,0
Socket0,IIO Stack 3 - PCIe2,Part3 (4th x4),0,0,0,0
Socket0,IIO Stack 4 - MCP0,Part0 (1st x16/x8/x4),0,0,0,0,0,0,0,0,0,0,0
Socket0,IIO Stack 4 - MCP0,Part1 (2nd x4),0,0,0,0
Socket0,IIO Stack 4 - MCP0,Part2 (2nd x8/3rd x4),0,0,0,0
Socket0,IIO Stack 4 - MCP0,Part3 (4th x4),0,0,0,0
Socket0,IIO Stack 5 - MCP1,Part0 (1st x16/x8/x4),0,0,0,0,0,0,0,0,0,0,0
Socket0,IIO Stack 5 - MCP1,Part1 (2nd x4),0,0,0,0
Socket0,IIO Stack 5 - MCP1,Part2 (2nd x8/3rd x4),0,0,0,0
Socket0,IIO Stack 5 - MCP1,Part3 (4th x4),0,0,0,0
Socket1,IIO Stack 0 - CBDMA/DMI,Part0 (1st x16/x8/x4),0,0,0,0,0,0,0,0,0,0,0
Socket1,IIO Stack 0 - CBDMA/DMI,Part1 (2nd x4),0,0,0,0
Socket1,IIO Stack 0 - CBDMA/DMI,Part2 (2nd x8/3rd x4),0,0,0,0
Socket1,IIO Stack 0 - CBDMA/DMI,Part3 (4th x4),0,0,0,0
Socket1,IIO Stack 1 - PCIe0,Part0 (1st x16/x8/x4),0,0,0,0,0,0,0,0,0,0,0
Socket1,IIO Stack 1 - PCIe0,Part1 (2nd x4),0,0,0,0
Socket1,IIO Stack 1 - PCIe0,Part2 (2nd x8/3rd x4),0,0,0,0
Socket1,IIO Stack 1 - PCIe0,Part3 (4th x4),0,0,0,0
Socket1,IIO Stack 2 - PCIe1,Part0 (1st x16/x8/x4),0,0,0,0,0,0,0,0,0,0,0
Socket1,IIO Stack 2 - PCIe1,Part1 (2nd x4),0,0,0,0
Socket1,IIO Stack 2 - PCIe1,Part2 (2nd x8/3rd x4),0,0,0,0
Socket1,IIO Stack 2 - PCIe1,Part3 (4th x4),0,0,0,0
Socket1,IIO Stack 3 - PCIe2,Part0 (1st x16/x8/x4),0,0,0,0,0,0,0,0,0,0,0
Socket1,IIO Stack 3 - PCIe2,Part1 (2nd x4),0,0,0,0
Socket1,IIO Stack 3 - PCIe2,Part2 (2nd x8/3rd x4),0,0,0,0
Socket1,IIO Stack 3 - PCIe2,Part3 (4th x4),0,0,0,0
Socket1,IIO Stack 4 - MCP0,Part0 (1st x16/x8/x4),0,0,0,0,0,0,0,0,0,0,0
Socket1,IIO Stack 4 - MCP0,Part1 (2nd x4),0,0,0,0
Socket1,IIO Stack 4 - MCP0,Part2 (2nd x8/3rd x4),0,0,0,0
Socket1,IIO Stack 4 - MCP0,Part3 (4th x4),0,0,0,0
Socket1,IIO Stack 5 - MCP1,Part0 (1st x16/x8/x4),0,0,0,0,0,0,0,0,0,0,0
Socket1,IIO Stack 5 - MCP1,Part1 (2nd x4),0,0,0,0
Socket1,IIO Stack 5 - MCP1,Part2 (2nd x8/3rd x4),0,0,0,0
Socket1,IIO Stack 5 - MCP1,Part3 (4th x4),0,0,0,0
Socket2,IIO Stack 0 - CBDMA/DMI,Part0 (1st x16/x8/x4),0,0,0,0,0,0,0,0,0,0,0
Socket2,IIO Stack 0 - CBDMA/DMI,Part1 (2nd x4),0,0,0,0
Socket2,IIO Stack 0 - CBDMA/DMI,Part2 (2nd x8/3rd x4),0,0,0,0
Socket2,IIO Stack 0 - CBDMA/DMI,Part3 (4th x4),0,0,0,0
Socket2,IIO Stack 1 - PCIe0,Part0 (1st x16/x8/x4),0,0,0,0,0,0,0,0,0,0,0
Socket2,IIO Stack 1 - PCIe0,Part1 (2nd x4),0,0,0,0
Socket2,IIO Stack 1 - PCIe0,Part2 (2nd x8/3rd x4),0,0,0,0
Socket2,IIO Stack 1 - PCIe0,Part3 (4th x4),0,0,0,0
Socket2,IIO Stack 2 - PCIe1,Part0 (1st x16/x8/x4),0,0,0,0,0,0,0,0,0,0,0
Socket2,IIO Stack 2 - PCIe1,Part1 (2nd x4),0,0,0,0
Socket2,IIO Stack 2 - PCIe1,Part2 (2nd x8/3rd x4),0,0,0,0
Socket2,IIO Stack 2 - PCIe1,Part3 (4th x4),0,0,0,0
Socket2,IIO Stack 3 - PCIe2,Part0 (1st x16/x8/x4),0,0,0,0,0,0,0,0,0,0,0
Socket2,IIO Stack 3 - PCIe2,Part1 (2nd x4),0,0,0,0
Socket2,IIO Stack 3 - PCIe2,Part2 (2nd x8/3rd x4),0,0,0,0
Socket2,IIO Stack 3 - PCIe2,Part3 (4th x4),0,0,0,0
Socket2,IIO Stack 4 - MCP0,Part0 (1st x16/x8/x4),0,0,0,0,0,0,0,0,0,0,0
Socket2,IIO Stack 4 - MCP0,Part1 (2nd x4),0,0,0,0
Socket2,IIO Stack 4 - MCP0,Part2 (2nd x8/3rd x4),0,0,0,0
Socket2,IIO Stack 4 - MCP0,Part3 (4th x4),0,0,0,0
Socket2,IIO Stack 5 - MCP1,Part0 (1st x16/x8/x4),0,0,0,0,0,0,0,0,0,0,0
Socket2,IIO Stack 5 - MCP1,Part1 (2nd x4),0,0,0,0
Socket2,IIO Stack 5 - MCP1,Part2 (2nd x8/3rd x4),0,0,0,0
Socket2,IIO Stack 5 - MCP1,Part3 (4th x4),0,0,0,0
Socket3,IIO Stack 0 - CBDMA/DMI,Part0 (1st x16/x8/x4),0,0,0,0,0,0,0,0,0,0,0
Socket3,IIO Stack 0 - CBDMA/DMI,Part1 (2nd x4),0,0,0,0
Socket3,IIO Stack 0 - CBDMA/DMI,Part2 (2nd x8/3rd x4),0,0,0,0
Socket3,IIO Stack 0 - CBDMA/DMI,Part3 (4th x4),0,0,0,0
Socket3,IIO Stack 1 - PCIe0,Part0 (1st x16/x8/x4),0,0,0,0,0,0,0,0,0,0,0
Socket3,IIO Stack 1 - PCIe0,Part1 (2nd x4),0,0,0,0
Socket3,IIO Stack 1 - PCIe0,Part2 (2nd x8/3rd x4),0,0,0,0
Socket3,IIO Stack 1 - PCIe0,Part3 (4th x4),0,0,0,0
Socket3,IIO Stack 2 - PCIe1,Part0 (1st x16/x8/x4),0,0,0,0,0,0,0,0,0,0,0
Socket3,IIO Stack 2 - PCIe1,Part1 (2nd x4),0,0,0,0
Socket3,IIO Stack 2 - PCIe1,Part2 (2nd x8/3rd x4),0,0,0,0
Socket3,IIO Stack 2 - PCIe1,Part3 (4th x4),0,0,0,0
Socket3,IIO Stack 3 - PCIe2,Part0 (1st x16/x8/x4),0,0,0,0,0,0,0,0,0,0,0
Socket3,IIO Stack 3 - PCIe2,Part1 (2nd x4),0,0,0,0
Socket3,IIO Stack 3 - PCIe2,Part2 (2nd x8/3rd x4),0,0,0,0
Socket3,IIO Stack 3 - PCIe2,Part3 (4th x4),0,0,0,0
Socket3,IIO Stack 4 - MCP0,Part0 (1st x16/x8/x4),0,0,0,0,0,0,0,0,0,0,0
Socket3,IIO Stack 4 - MCP0,Part1 (2nd x4),0,0,0,0
Socket3,IIO Stack 4 - MCP0,Part2 (2nd x8/3rd x4),0,0,0,0
Socket3,IIO Stack 4 - MCP0,Part3 (4th x4),0,0,0,0
Socket3,IIO Stack 5 - MCP1,Part0 (1st x16/x8/x4),0,0,0,0,0,0,0,0,0,0,0
Socket3,IIO Stack 5 - MCP1,Part1 (2nd x4),0,0,0,0
Socket3,IIO Stack 5 - MCP1,Part2 (2nd x8/3rd x4),0,0,0,0
Socket3,IIO Stack 5 - MCP1,Part3 (4th x4),0,0,0,0
Socket,Name,Part,IB write (bytes),IB read (bytes),OB read (bytes),OB write (bytes),IOTLB Hit,IOTLB Miss,VT-d CTXT Miss,VT-d L1 Miss,VT-d L2 Miss,VT-d L3 Miss,VT-d Mem Read
Socket0,IIO Stack 0 - CBDMA/DMI,Part0 (1st x16/x8/x4),0,0,0,0,69,0,0,0,0,46,186
Socket0,IIO Stack 0 - CBDMA/DMI,Part1 (2nd x4),8372,0,279,0
Socket0,IIO Stack 0 - CBDMA/DMI,Part2 (2nd x8/3rd x4),0,0,0,0
Socket0,IIO Stack 0 - CBDMA/DMI,Part3 (4th x4),0,0,0,0
Socket0,IIO Stack 1 - PCIe0,Part0 (1st x16/x8/x4),0,0,0,0,0,0,0,0,0,0,0
Socket0,IIO Stack 1 - PCIe0,Part1 (2nd x4),0,0,0,0
Socket0,IIO Stack 1 - PCIe0,Part2 (2nd x8/3rd x4),0,0,0,0
Socket0,IIO Stack 1 - PCIe0,Part3 (4th x4),0,0,0,0
Socket0,IIO Stack 2 - PCIe1,Part0 (1st x16/x8/x4),12807779720,67030976,0,11082604,54175209,3821093,209,232,186,730046,4587581
Socket0,IIO Stack 2 - PCIe1,Part1 (2nd x4),0,0,0,0
Socket0,IIO Stack 2 - PCIe1,Part2 (2nd x8/3rd x4),0,0,0,0
Socket0,IIO Stack 2 - PCIe1,Part3 (4th x4),0,0,0,0
Socket0,IIO Stack 3 - PCIe2,Part0 (1st x16/x8/x4),0,0,0,0,0,0,0,0,0,0,0
Socket0,IIO Stack 3 - PCIe2,Part1 (2nd x4),0,0,0,0
Socket0,IIO Stack 3 - PCIe2,Part2 (2nd x8/3rd x4),0,0,0,0
Socket0,IIO Stack 3 - PCIe2,Part3 (4th x4),0,0,0,0
Socket0,IIO Stack 4 - MCP0,Part0 (1st x16/x8/x4),0,0,0,0,0,0,0,0,0,0,0
Socket0,IIO Stack 4 - MCP0,Part1 (2nd x4),0,0,0,0
Socket0,IIO Stack 4 - MCP0,Part2 (2nd x8/3rd x4),0,0,0,0
Socket0,IIO Stack 4 - MCP0,Part3 (4th x4),0,0,0,0
Socket0,IIO Stack 5 - MCP1,Part0 (1st x16/x8/x4),0,0,0,0,0,0,0,0,0,0,0
Socket0,IIO Stack 5 - MCP1,Part1 (2nd x4),0,0,0,0
Socket0,IIO Stack 5 - MCP1,Part2 (2nd x8/3rd x4),0,0,0,0
Socket0,IIO Stack 5 - MCP1,Part3 (4th x4),0,0,0,0
Socket1,IIO Stack 0 - CBDMA/DMI,Part0 (1st x16/x8/x4),0,0,0,0,0,0,0,0,0,0,0
Socket1,IIO Stack 0 - CBDMA/DMI,Part1 (2nd x4),0,0,0,0
Socket1,IIO Stack 0 - CBDMA/DMI,Part2 (2nd x8/3rd x4),0,0,0,0
Socket1,IIO Stack 0 - CBDMA/DMI,Part3 (4th x4),0,0,0,0
Socket1,IIO Stack 1 - PCIe0,Part0 (1st x16/x8/x4),0,0,0,0,0,0,0,0,0,0,0
Socket1,IIO Stack 1 - PCIe0,Part1 (2nd x4),0,0,0,0
Socket1,IIO Stack 1 - PCIe0,Part2 (2nd x8/3rd x4),0,0,0,0
Socket1,IIO Stack 1 - PCIe0,Part3 (4th x4),0,0,0,0
Socket1,IIO Stack 2 - PCIe1,Part0 (1st x16/x8/x4),0,0,0,0,0,0,0,0,0,0,0
Socket1,IIO Stack 2 - PCIe1,Part1 (2nd x4),0,0,0,0
Socket1,IIO Stack 2 - PCIe1,Part2 (2nd x8/3rd x4),0,0,0,0
Socket1,IIO Stack 2 - PCIe1,Part3 (4th x4),0,0,0,0
Socket1,IIO Stack 3 - PCIe2,Part0 (1st x16/x8/x4),0,0,0,0,0,0,0,0,0,0,0
Socket1,IIO Stack 3 - PCIe2,Part1 (2nd x4),0,0,0,0
Socket1,IIO Stack 3 - PCIe2,Part2 (2nd x8/3rd x4),0,0,0,0
Socket1,IIO Stack 3 - PCIe2,Part3 (4th x4),0,0,0,0
Socket1,IIO Stack 4 - MCP0,Part0 (1st x16/x8/x4),0,0,0,0,0,0,0,0,0,0,0
Socket1,IIO Stack 4 - MCP0,Part1 (2nd x4),0,0,0,0
Socket1,IIO Stack 4 - MCP0,Part2 (2nd x8/3rd x4),0,0,0,0
Socket1,IIO Stack 4 - MCP0,Part3 (4th x4),0,0,0,0
Socket1,IIO Stack 5 - MCP1,Part0 (1st x16/x8/x4),0,0,0,0,0,0,0,0,0,0,0
Socket1,IIO Stack 5 - MCP1,Part1 (2nd x4),0,0,0,0
Socket1,IIO Stack 5 - MCP1,Part2 (2nd x8/3rd x4),0,0,0,0
Socket1,IIO Stack 5 - MCP1,Part3 (4th x4),0,0,0,0
Socket2,IIO Stack 0 - CBDMA/DMI,Part0 (1st x16/x8/x4),0,0,0,0,0,0,0,0,0,0,0
Socket2,IIO Stack 0 - CBDMA/DMI,Part1 (2nd x4),0,0,0,0
Socket2,IIO Stack 0 - CBDMA/DMI,Part2 (2nd x8/3rd x4),0,0,0,0
Socket2,IIO Stack 0 - CBDMA/DMI,Part3 (4th x4),0,0,0,0
Socket2,IIO Stack 1 - PCIe0,Part0 (1st x16/x8/x4),0,0,0,0,0,0,0,0,0,0,0
Socket2,IIO Stack 1 - PCIe0,Part1 (2nd x4),0,0,0,0
Socket2,IIO Stack 1 - PCIe0,Part2 (2nd x8/3rd x4),0,0,0,0
Socket2,IIO Stack 1 - PCIe0,Part3 (4th x4),0,0,0,0
Socket2,IIO Stack 2 - PCIe1,Part0 (1st x16/x8/x4),0,0,0,0,0,0,0,0,0,0,0
Socket2,IIO Stack 2 - PCIe1,Part1 (2nd x4),0,0,0,0
Socket2,IIO Stack 2 - PCIe1,Part2 (2nd x8/3rd x4),0,0,0,0
Socket2,IIO Stack 2 - PCIe1,Part3 (4th x4),0,0,0,0
Socket2,IIO Stack 3 - PCIe2,Part0 (1st x16/x8/x4),0,0,0,0,0,0,0,0,0,0,0
Socket2,IIO Stack 3 - PCIe2,Part1 (2nd x4),0,0,0,0
Socket2,IIO Stack 3 - PCIe2,Part2 (2nd x8/3rd x4),0,0,0,0
Socket2,IIO Stack 3 - PCIe2,Part3 (4th x4),0,0,0,0
Socket2,IIO Stack 4 - MCP0,Part0 (1st x16/x8/x4),0,0,0,0,0,0,0,0,0,0,0
Socket2,IIO Stack 4 - MCP0,Part1 (2nd x4),0,0,0,0
Socket2,IIO Stack 4 - MCP0,Part2 (2nd x8/3rd x4),0,0,0,0
Socket2,IIO Stack 4 - MCP0,Part3 (4th x4),0,0,0,0
Socket2,IIO Stack 5 - MCP1,Part0 (1st x16/x8/x4),0,0,0,0,0,0,0,0,0,0,0
Socket2,IIO Stack 5 - MCP1,Part1 (2nd x4),0,0,0,0
Socket2,IIO Stack 5 - MCP1,Part2 (2nd x8/3rd x4),0,0,0,0
Socket2,IIO Stack 5 - MCP1,Part3 (4th x4),0,0,0,0
Socket3,IIO Stack 0 - CBDMA/DMI,Part0 (1st x16/x8/x4),0,0,0,0,0,0,0,0,0,0,0
Socket3,IIO Stack 0 - CBDMA/DMI,Part1 (2nd x4),0,0,0,0
Socket3,IIO Stack 0 - CBDMA/DMI,Part2 (2nd x8/3rd x4),0,0,0,0
Socket3,IIO Stack 0 - CBDMA/DMI,Part3 (4th x4),0,0,0,0
Socket3,IIO Stack 1 - PCIe0,Part0 (1st x16/x8/x4),0,0,0,0,0,0,0,0,0,0,0
Socket3,IIO Stack 1 - PCIe0,Part1 (2nd x4),0,0,0,0
Socket3,IIO Stack 1 - PCIe0,Part2 (2nd x8/3rd x4),0,0,0,0
Socket3,IIO Stack 1 - PCIe0,Part3 (4th x4),0,0,0,0
Socket3,IIO Stack 2 - PCIe1,Part0 (1st x16/x8/x4),0,0,0,0,0,0,0,0,0,0,0
Socket3,IIO Stack 2 - PCIe1,Part1 (2nd x4),0,0,0,0
Socket3,IIO Stack 2 - PCIe1,Part2 (2nd x8/3rd x4),0,0,0,0
Socket3,IIO Stack 2 - PCIe1,Part3 (4th x4),0,0,0,0
Socket3,IIO Stack 3 - PCIe2,Part0 (1st x16/x8/x4),0,0,0,0,0,0,0,0,0,0,0
Socket3,IIO Stack 3 - PCIe2,Part1 (2nd x4),0,0,0,0
Socket3,IIO Stack 3 - PCIe2,Part2 (2nd x8/3rd x4),0,0,0,0
Socket3,IIO Stack 3 - PCIe2,Part3 (4th x4),0,0,0,0
Socket3,IIO Stack 4 - MCP0,Part0 (1st x16/x8/x4),0,0,0,0,0,0,0,0,0,0,0
Socket3,IIO Stack 4 - MCP0,Part1 (2nd x4),0,0,0,0
Socket3,IIO Stack 4 - MCP0,Part2 (2nd x8/3rd x4),0,0,0,0
Socket3,IIO Stack 4 - MCP0,Part3 (4th x4),0,0,0,0
Socket3,IIO Stack 5 - MCP1,Part0 (1st x16/x8/x4),0,0,0,0,0,0,0,0,0,0,0
Socket3,IIO Stack 5 - MCP1,Part1 (2nd x4),0,0,0,0
Socket3,IIO Stack 5 - MCP1,Part2 (2nd x8/3rd x4),0,0,0,0
Socket3,IIO Stack 5 - MCP1,Part3 (4th x4),0,0,0,0
Socket,Name,Part,IB write (bytes),IB read (bytes),OB read (bytes),OB write (bytes),IOTLB Hit,IOTLB Miss,VT-d CTXT Miss,VT-d L1 Miss,VT-d L2 Miss,VT-d L3 Miss,VT-d Mem Read
Socket0,IIO Stack 0 - CBDMA/DMI,Part0 (1st x16/x8/x4),0,0,0,0,0,23,0,0,0,46,372
Socket0,IIO Stack 0 - CBDMA/DMI,Part1 (2nd x4),10139,0,0,186
Socket0,IIO Stack 0 - CBDMA/DMI,Part2 (2nd x8/3rd x4),0,0,0,0
Socket0,IIO Stack 0 - CBDMA/DMI,Part3 (4th x4),381023,0,0,0
Socket0,IIO Stack 1 - PCIe0,Part0 (1st x16/x8/x4),0,0,0,0,0,0,0,0,0,0,0
Socket0,IIO Stack 1 - PCIe0,Part1 (2nd x4),0,0,0,0
Socket0,IIO Stack 1 - PCIe0,Part2 (2nd x8/3rd x4),0,0,0,0
Socket0,IIO Stack 1 - PCIe0,Part3 (4th x4),0,0,0,0
Socket0,IIO Stack 2 - PCIe1,Part0 (1st x16/x8/x4),12810052465,68476930,0,11109209,53729488,3833418,209,209,255,727441,4538976
Socket0,IIO Stack 2 - PCIe1,Part1 (2nd x4),0,0,0,0
Socket0,IIO Stack 2 - PCIe1,Part2 (2nd x8/3rd x4),0,0,0,0
Socket0,IIO Stack 2 - PCIe1,Part3 (4th x4),0,0,0,0
Socket0,IIO Stack 3 - PCIe2,Part0 (1st x16/x8/x4),0,0,0,0,0,0,0,0,0,0,0
Socket0,IIO Stack 3 - PCIe2,Part1 (2nd x4),0,0,0,0
Socket0,IIO Stack 3 - PCIe2,Part2 (2nd x8/3rd x4),0,0,0,0
Socket0,IIO Stack 3 - PCIe2,Part3 (4th x4),0,0,0,0
Socket0,IIO Stack 4 - MCP0,Part0 (1st x16/x8/x4),0,0,0,0,0,0,0,0,0,0,0
Socket0,IIO Stack 4 - MCP0,Part1 (2nd x4),0,0,0,0
Socket0,IIO Stack 4 - MCP0,Part2 (2nd x8/3rd x4),0,0,0,0
Socket0,IIO Stack 4 - MCP0,Part3 (4th x4),0,0,0,0
Socket0,IIO Stack 5 - MCP1,Part0 (1st x16/x8/x4),0,0,0,0,0,0,0,0,0,0,0
Socket0,IIO Stack 5 - MCP1,Part1 (2nd x4),0,0,0,0
Socket0,IIO Stack 5 - MCP1,Part2 (2nd x8/3rd x4),0,0,0,0
Socket0,IIO Stack 5 - MCP1,Part3 (4th x4),0,0,0,0
Socket1,IIO Stack 0 - CBDMA/DMI,Part0 (1st x16/x8/x4),0,0,0,0,0,0,0,0,0,0,0
Socket1,IIO Stack 0 - CBDMA/DMI,Part1 (2nd x4),0,0,0,0
Socket1,IIO Stack 0 - CBDMA/DMI,Part2 (2nd x8/3rd x4),0,0,0,0
Socket1,IIO Stack 0 - CBDMA/DMI,Part3 (4th x4),0,0,0,0
Socket1,IIO Stack 1 - PCIe0,Part0 (1st x16/x8/x4),0,0,0,0,0,0,0,0,0,0,0
Socket1,IIO Stack 1 - PCIe0,Part1 (2nd x4),0,0,0,0
Socket1,IIO Stack 1 - PCIe0,Part2 (2nd x8/3rd x4),0,0,0,0
Socket1,IIO Stack 1 - PCIe0,Part3 (4th x4),0,0,0,0
Socket1,IIO Stack 2 - PCIe1,Part0 (1st x16/x8/x4),0,0,0,0,0,0,0,0,0,0,0
Socket1,IIO Stack 2 - PCIe1,Part1 (2nd x4),0,0,0,0
Socket1,IIO Stack 2 - PCIe1,Part2 (2nd x8/3rd x4),0,0,0,0
Socket1,IIO Stack 2 - PCIe1,Part3 (4th x4),0,0,0,0
Socket1,IIO Stack 3 - PCIe2,Part0 (1st x16/x8/x4),0,0,0,0,0,0,0,0,0,0,0
Socket1,IIO Stack 3 - PCIe2,Part1 (2nd x4),0,0,0,0
Socket1,IIO Stack 3 - PCIe2,Part2 (2nd x8/3rd x4),0,0,0,0
Socket1,IIO Stack 3 - PCIe2,Part3 (4th x4),0,0,0,0
Socket1,IIO Stack 4 - MCP0,Part0 (1st x16/x8/x4),0,0,0,0,0,0,0,0,0,0,0
Socket1,IIO Stack 4 - MCP0,Part1 (2nd x4),0,0,0,0
Socket1,IIO Stack 4 - MCP0,Part2 (2nd x8/3rd x4),0,0,0,0
Socket1,IIO Stack 4 - MCP0,Part3 (4th x4),0,0,0,0
Socket1,IIO Stack 5 - MCP1,Part0 (1st x16/x8/x4),0,0,0,0,0,0,0,0,0,0,0
Socket1,IIO Stack 5 - MCP1,Part1 (2nd x4),0,0,0,0
Socket1,IIO Stack 5 - MCP1,Part2 (2nd x8/3rd x4),0,0,0,0
Socket1,IIO Stack 5 - MCP1,Part3 (4th x4),0,0,0,0
Socket2,IIO Stack 0 - CBDMA/DMI,Part0 (1st x16/x8/x4),0,0,0,0,0,0,0,0,0,0,0
Socket2,IIO Stack 0 - CBDMA/DMI,Part1 (2nd x4),0,0,0,0
Socket2,IIO Stack 0 - CBDMA/DMI,Part2 (2nd x8/3rd x4),0,0,0,0
Socket2,IIO Stack 0 - CBDMA/DMI,Part3 (4th x4),0,0,0,0
Socket2,IIO Stack 1 - PCIe0,Part0 (1st x16/x8/x4),0,0,0,0,0,0,0,0,0,0,0
Socket2,IIO Stack 1 - PCIe0,Part1 (2nd x4),0,0,0,0
Socket2,IIO Stack 1 - PCIe0,Part2 (2nd x8/3rd x4),0,0,0,0
Socket2,IIO Stack 1 - PCIe0,Part3 (4th x4),0,0,0,0
Socket2,IIO Stack 2 - PCIe1,Part0 (1st x16/x8/x4),0,0,0,0,0,0,0,0,0,0,0
Socket2,IIO Stack 2 - PCIe1,Part1 (2nd x4),0,0,0,0
Socket2,IIO Stack 2 - PCIe1,Part2 (2nd x8/3rd x4),0,0,0,0
Socket2,IIO Stack 2 - PCIe1,Part3 (4th x4),0,0,0,0
Socket2,IIO Stack 3 - PCIe2,Part0 (1st x16/x8/x4),0,0,0,0,0,0,0,0,0,0,0
Socket2,IIO Stack 3 - PCIe2,Part1 (2nd x4),0,0,0,0
Socket2,IIO Stack 3 - PCIe2,Part2 (2nd x8/3rd x4),0,0,0,0
Socket2,IIO Stack 3 - PCIe2,Part3 (4th x4),0,0,0,0
Socket2,IIO Stack 4 - MCP0,Part0 (1st x16/x8/x4),0,0,0,0,0,0,0,0,0,0,0
Socket2,IIO Stack 4 - MCP0,Part1 (2nd x4),0,0,0,0
Socket2,IIO Stack 4 - MCP0,Part2 (2nd x8/3rd x4),0,0,0,0
Socket2,IIO Stack 4 - MCP0,Part3 (4th x4),0,0,0,0
Socket2,IIO Stack 5 - MCP1,Part0 (1st x16/x8/x4),0,0,0,0,0,0,0,0,0,0,0
Socket2,IIO Stack 5 - MCP1,Part1 (2nd x4),0,0,0,0
Socket2,IIO Stack 5 - MCP1,Part2 (2nd x8/3rd x4),0,0,0,0
Socket2,IIO Stack 5 - MCP1,Part3 (4th x4),0,0,0,0
Socket3,IIO Stack 0 - CBDMA/DMI,Part0 (1st x16/x8/x4),0,0,0,0,0,0,0,0,0,0,0
Socket3,IIO Stack 0 - CBDMA/DMI,Part1 (2nd x4),0,0,0,0
Socket3,IIO Stack 0 - CBDMA/DMI,Part2 (2nd x8/3rd x4),0,0,0,0
Socket3,IIO Stack 0 - CBDMA/DMI,Part3 (4th x4),0,0,0,0
Socket3,IIO Stack 1 - PCIe0,Part0 (1st x16/x8/x4),0,0,0,0,0,0,0,0,0,0,0
Socket3,IIO Stack 1 - PCIe0,Part1 (2nd x4),0,0,0,0
Socket3,IIO Stack 1 - PCIe0,Part2 (2nd x8/3rd x4),0,0,0,0
Socket3,IIO Stack 1 - PCIe0,Part3 (4th x4),0,0,0,0
Socket3,IIO Stack 2 - PCIe1,Part0 (1st x16/x8/x4),0,0,0,0,0,0,0,0,0,0,0
Socket3,IIO Stack 2 - PCIe1,Part1 (2nd x4),0,0,0,0
Socket3,IIO Stack 2 - PCIe1,Part2 (2nd x8/3rd x4),0,0,0,0
Socket3,IIO Stack 2 - PCIe1,Part3 (4th x4),0,0,0,0
Socket3,IIO Stack 3 - PCIe2,Part0 (1st x16/x8/x4),0,0,0,0,0,0,0,0,0,0,0
Socket3,IIO Stack 3 - PCIe2,Part1 (2nd x4),0,0,0,0
Socket3,IIO Stack 3 - PCIe2,Part2 (2nd x8/3rd x4),0,0,0,0
Socket3,IIO Stack 3 - PCIe2,Part3 (4th x4),0,0,0,0
Socket3,IIO Stack 4 - MCP0,Part0 (1st x16/x8/x4),0,0,0,0,0,0,0,0,0,0,0
Socket3,IIO Stack 4 - MCP0,Part1 (2nd x4),0,0,0,0
Socket3,IIO Stack 4 - MCP0,Part2 (2nd x8/3rd x4),0,0,0,0
Socket3,IIO Stack 4 - MCP0,Part3 (4th x4),0,0,0,0
Socket3,IIO Stack 5 - MCP1,Part0 (1st x16/x8/x4),0,0,0,0,0,0,0,0,0,0,0
Socket3,IIO Stack 5 - MCP1,Part1 (2nd x4),0,0,0,0
Socket3,IIO Stack 5 - MCP1,Part2 (2nd x8/3rd x4),0,0,0,0
Socket3,IIO Stack 5 - MCP1,Part3 (4th x4),0,0,0,0
Socket,Name,Part,IB write (bytes),IB read (bytes),OB read (bytes),OB write (bytes),IOTLB Hit,IOTLB Miss,VT-d CTXT Miss,VT-d L1 Miss,VT-d L2 Miss,VT-d L3 Miss,VT-d Mem Read
Socket0,IIO Stack 0 - CBDMA/DMI,Part0 (1st x16/x8/x4),0,0,0,0,302,0,23,0,0,209,0
Socket0,IIO Stack 0 - CBDMA/DMI,Part1 (2nd x4),0,0,0,837
Socket0,IIO Stack 0 - CBDMA/DMI,Part2 (2nd x8/3rd x4),0,0,0,0
Socket0,IIO Stack 0 - CBDMA/DMI,Part3 (4th x4),0,0,0,0
Socket0,IIO Stack 1 - PCIe0,Part0 (1st x16/x8/x4),0,0,0,0,0,0,0,0,0,0,0
Socket0,IIO Stack 1 - PCIe0,Part1 (2nd x4),0,0,0,0
Socket0,IIO Stack 1 - PCIe0,Part2 (2nd x8/3rd x4),0,0,0,0
Socket0,IIO Stack 1 - PCIe0,Part3 (4th x4),0,0,0,0
Socket0,IIO Stack 2 - PCIe1,Part0 (1st x16/x8/x4),12752864744,67149209,0,10616930,54159627,3795046,209,186,209,749093,4497581
Socket0,IIO Stack 2 - PCIe1,Part1 (2nd x4),0,0,0,0
Socket0,IIO Stack 2 - PCIe1,Part2 (2nd x8/3rd x4),0,0,0,0
Socket0,IIO Stack 2 - PCIe1,Part3 (4th x4),0,0,0,0
Socket0,IIO Stack 3 - PCIe2,Part0 (1st x16/x8/x4),30139,0,0,0,0,0,0,0,0,0,0
Socket0,IIO Stack 3 - PCIe2,Part1 (2nd x4),0,0,0,0
Socket0,IIO Stack 3 - PCIe2,Part2 (2nd x8/3rd x4),0,0,0,0
Socket0,IIO Stack 3 - PCIe2,Part3 (4th x4),0,0,0,0
Socket0,IIO Stack 4 - MCP0,Part0 (1st x16/x8/x4),0,0,0,0,0,0,0,0,0,0,0
Socket0,IIO Stack 4 - MCP0,Part1 (2nd x4),0,0,0,0
Socket0,IIO Stack 4 - MCP0,Part2 (2nd x8/3rd x4),0,0,0,0
Socket0,IIO Stack 4 - MCP0,Part3 (4th x4),0,0,0,0
Socket0,IIO Stack 5 - MCP1,Part0 (1st x16/x8/x4),0,0,0,0,0,0,0,0,0,0,0
Socket0,IIO Stack 5 - MCP1,Part1 (2nd x4),0,0,0,0
Socket0,IIO Stack 5 - MCP1,Part2 (2nd x8/3rd x4),0,0,0,0
Socket0,IIO Stack 5 - MCP1,Part3 (4th x4),0,0,0,0
Socket1,IIO Stack 0 - CBDMA/DMI,Part0 (1st x16/x8/x4),0,0,0,0,0,0,0,0,0,0,0
Socket1,IIO Stack 0 - CBDMA/DMI,Part1 (2nd x4),0,0,0,0
Socket1,IIO Stack 0 - CBDMA/DMI,Part2 (2nd x8/3rd x4),0,0,0,0
Socket1,IIO Stack 0 - CBDMA/DMI,Part3 (4th x4),0,0,0,0
Socket1,IIO Stack 1 - PCIe0,Part0 (1st x16/x8/x4),0,0,0,0,0,0,0,0,0,0,0
Socket1,IIO Stack 1 - PCIe0,Part1 (2nd x4),0,0,0,0
Socket1,IIO Stack 1 - PCIe0,Part2 (2nd x8/3rd x4),0,0,0,0
Socket1,IIO Stack 1 - PCIe0,Part3 (4th x4),0,0,0,0
Socket1,IIO Stack 2 - PCIe1,Part0 (1st x16/x8/x4),0,0,0,0,0,0,0,0,0,0,0
Socket1,IIO Stack 2 - PCIe1,Part1 (2nd x4),0,0,0,0
Socket1,IIO Stack 2 - PCIe1,Part2 (2nd x8/3rd x4),0,0,0,0
Socket1,IIO Stack 2 - PCIe1,Part3 (4th x4),0,0,0,0
Socket1,IIO Stack 3 - PCIe2,Part0 (1st x16/x8/x4),0,0,0,0,0,0,0,0,0,0,0
Socket1,IIO Stack 3 - PCIe2,Part1 (2nd x4),0,0,0,0
Socket1,IIO Stack 3 - PCIe2,Part2 (2nd x8/3rd x4),0,0,0,0
Socket1,IIO Stack 3 - PCIe2,Part3 (4th x4),0,0,0,0
Socket1,IIO Stack 4 - MCP0,Part0 (1st x16/x8/x4),0,0,0,0,0,0,0,0,0,0,0
Socket1,IIO Stack 4 - MCP0,Part1 (2nd x4),0,0,0,0
Socket1,IIO Stack 4 - MCP0,Part2 (2nd x8/3rd x4),0,0,0,0
Socket1,IIO Stack 4 - MCP0,Part3 (4th x4),0,0,0,0
Socket1,IIO Stack 5 - MCP1,Part0 (1st x16/x8/x4),0,0,0,0,0,0,0,0,0,0,0
Socket1,IIO Stack 5 - MCP1,Part1 (2nd x4),0,0,0,0
Socket1,IIO Stack 5 - MCP1,Part2 (2nd x8/3rd x4),0,0,0,0
Socket1,IIO Stack 5 - MCP1,Part3 (4th x4),0,0,0,0
Socket2,IIO Stack 0 - CBDMA/DMI,Part0 (1st x16/x8/x4),0,0,0,0,0,0,0,0,0,0,0
Socket2,IIO Stack 0 - CBDMA/DMI,Part1 (2nd x4),0,0,0,0
Socket2,IIO Stack 0 - CBDMA/DMI,Part2 (2nd x8/3rd x4),0,0,0,0
Socket2,IIO Stack 0 - CBDMA/DMI,Part3 (4th x4),0,0,0,0
Socket2,IIO Stack 1 - PCIe0,Part0 (1st x16/x8/x4),0,0,0,0,0,0,0,0,0,0,0
Socket2,IIO Stack 1 - PCIe0,Part1 (2nd x4),0,0,0,0
Socket2,IIO Stack 1 - PCIe0,Part2 (2nd x8/3rd x4),0,0,0,0
Socket2,IIO Stack 1 - PCIe0,Part3 (4th x4),0,0,0,0
Socket2,IIO Stack 2 - PCIe1,Part0 (1st x16/x8/x4),0,0,0,0,0,0,0,0,0,0,0
Socket2,IIO Stack 2 - PCIe1,Part1 (2nd x4),0,0,0,0
Socket2,IIO Stack 2 - PCIe1,Part2 (2nd x8/3rd x4),0,0,0,0
Socket2,IIO Stack 2 - PCIe1,Part3 (4th x4),0,0,0,0
Socket2,IIO Stack 3 - PCIe2,Part0 (1st x16/x8/x4),0,0,0,0,0,0,0,0,0,0,0
Socket2,IIO Stack 3 - PCIe2,Part1 (2nd x4),0,0,0,0
Socket2,IIO Stack 3 - PCIe2,Part2 (2nd x8/3rd x4),0,0,0,0
Socket2,IIO Stack 3 - PCIe2,Part3 (4th x4),0,0,0,0
Socket2,IIO Stack 4 - MCP0,Part0 (1st x16/x8/x4),0,0,0,0,0,0,0,0,0,0,0
Socket2,IIO Stack 4 - MCP0,Part1 (2nd x4),0,0,0,0
Socket2,IIO Stack 4 - MCP0,Part2 (2nd x8/3rd x4),0,0,0,0
Socket2,IIO Stack 4 - MCP0,Part3 (4th x4),0,0,0,0
Socket2,IIO Stack 5 - MCP1,Part0 (1st x16/x8/x4),0,0,0,0,0,0,0,0,0,0,0
Socket2,IIO Stack 5 - MCP1,Part1 (2nd x4),0,0,0,0
Socket2,IIO Stack 5 - MCP1,Part2 (2nd x8/3rd x4),0,0,0,0
Socket2,IIO Stack 5 - MCP1,Part3 (4th x4),0,0,0,0
Socket3,IIO Stack 0 - CBDMA/DMI,Part0 (1st x16/x8/x4),0,0,0,0,0,0,0,0,0,0,0
Socket3,IIO Stack 0 - CBDMA/DMI,Part1 (2nd x4),0,0,0,0
Socket3,IIO Stack 0 - CBDMA/DMI,Part2 (2nd x8/3rd x4),0,0,0,0
Socket3,IIO Stack 0 - CBDMA/DMI,Part3 (4th x4),0,0,0,0
Socket3,IIO Stack 1 - PCIe0,Part0 (1st x16/x8/x4),0,0,0,0,0,0,0,0,0,0,0
Socket3,IIO Stack 1 - PCIe0,Part1 (2nd x4),0,0,0,0
Socket3,IIO Stack 1 - PCIe0,Part2 (2nd x8/3rd x4),0,0,0,0
Socket3,IIO Stack 1 - PCIe0,Part3 (4th x4),0,0,0,0
Socket3,IIO Stack 2 - PCIe1,Part0 (1st x16/x8/x4),0,0,0,0,0,0,0,0,0,0,0
Socket3,IIO Stack 2 - PCIe1,Part1 (2nd x4),0,0,0,0
Socket3,IIO Stack 2 - PCIe1,Part2 (2nd x8/3rd x4),0,0,0,0
Socket3,IIO Stack 2 - PCIe1,Part3 (4th x4),0,0,0,0
Socket3,IIO Stack 3 - PCIe2,Part0 (1st x16/x8/x4),0,0,0,0,0,0,0,0,0,0,0
Socket3,IIO Stack 3 - PCIe2,Part1 (2nd x4),0,0,0,0
Socket3,IIO Stack 3 - PCIe2,Part2 (2nd x8/3rd x4),0,0,0,0
Socket3,IIO Stack 3 - PCIe2,Part3 (4th x4),0,0,0,0
Socket3,IIO Stack 4 - MCP0,Part0 (1st x16/x8/x4),0,0,0,0,0,0,0,0,0,0,0
Socket3,IIO Stack 4 - MCP0,Part1 (2nd x4),0,0,0,0
Socket3,IIO Stack 4 - MCP0,Part2 (2nd x8/3rd x4),0,0,0,0
Socket3,IIO Stack 4 - MCP0,Part3 (4th x4),0,0,0,0
Socket3,IIO Stack 5 - MCP1,Part0 (1st x16/x8/x4),0,0,0,0,0,0,0,0,0,0,0
Socket3,IIO Stack 5 - MCP1,Part1 (2nd x4),0,0,0,0
Socket3,IIO Stack 5 - MCP1,Part2 (2nd x8/3rd x4),0,0,0,0
Socket3,IIO Stack 5 - MCP1,Part3 (4th x4),0,0,0,0
